txn_id,customer_id,amount,currency,channel,direction,booked_at
T00000001,C0069,4800.00,USD,cash,out,2026-03-17T02:21:00
T00000002,C0084,50.00,USD,cash,in,2026-04-25T07:44:00
T00000004,C0087,750.00,USD,ach,in,2026-03-22T03:28:00
T00000005,C0011,300.00,USD,cash,in,2026-03-21T22:07:00
T00000007,C0088,50.00,USD,ach,in,2026-03-05T07:26:00
T00000010,C0079,120.00,USD,wire,in,2026-03-15T07:01:00
T00000011,C0085,120.00,USD,ach,in,2026-03-06T12:09:00
T00000012,C0089,50.00,USD,card,in,2026-04-24T23:05:00
T00000014,C0098,1200.00,USD,card,out,2026-04-14T00:19:00
T00000015,C0003,1200.00,USD,ach,in,2026-04-24T03:49:00
T00000017,C0077,1200.00,USD,wire,out,2026-03-30T08:36:00
T00000018,C0087,2500.00,USD,wire,out,2026-03-15T12:13:00
T00000020,C0089,120.00,USD,card,out,2026-04-12T18:52:00
T00000021,C0086,1200.00,USD,ach,out,2026-03-15T06:21:00
T00000022,C0070,300.00,USD,wire,out,2026-03-09T11:41:00
T00000023,C0065,2500.00,USD,cash,out,2026-03-31T12:50:00
T00000024,C0065,300.00,USD,cash,in,2026-03-19T15:21:00
T00000025,C0086,120.00,USD,wire,in,2026-04-12T04:09:00
T00000026,C0073,750.00,USD,card,out,2026-04-18T13:16:00
T00000028,C0028,750.00,USD,cash,in,2026-04-19T13:27:00
T00000030,C0078,1200.00,USD,card,out,2026-03-09T12:03:00
T00000035,C0000,750.00,USD,card,in,2026-04-09T02:12:00
T00000036,C0062,750.00,USD,cash,out,2026-04-17T03:33:00
T00000038,C0084,750.00,USD,wire,out,2026-04-30T09:19:00
T00000040,C0010,1200.00,USD,cash,out,2026-04-01T11:13:00
T00000041,C0028,2500.00,USD,cash,in,2026-03-21T09:11:00
T00000045,C0091,2500.00,USD,wire,in,2026-04-19T09:23:00
T00000046,C0005,2500.00,USD,ach,in,2026-04-08T18:33:00
T00000047,C0064,4800.00,USD,card,out,2026-03-21T02:00:00
T00000051,C0011,4800.00,USD,card,out,2026-04-13T21:45:00
T00000054,C0092,4800.00,USD,wire,out,2026-04-04T20:25:00
T00000060,C0090,50.00,USD,cash,out,2026-03-28T07:43:00
T00000061,C0089,4800.00,USD,card,in,2026-04-22T15:05:00
T00000062,C0001,750.00,USD,card,out,2026-03-26T02:30:00
T00000067,C0097,300.00,USD,cash,in,2026-04-17T15:47:00
T00000071,C0087,4800.00,USD,wire,out,2026-04-17T03:10:00
T00000072,C0009,300.00,USD,ach,out,2026-04-28T06:10:00
T00000074,C0064,50.00,USD,cash,out,2026-03-27T20:32:00
T00000075,C0094,50.00,USD,cash,in,2026-04-10T16:44:00
T00000076,C0086,50.00,USD,ach,in,2026-03-08T17:23:00
T00000077,C0097,1200.00,USD,card,out,2026-03-14T06:30:00
T00000079,C0060,300.00,USD,cash,in,2026-04-08T22:39:00
T00000082,C0065,4800.00,USD,card,out,2026-03-10T11:18:00
T00000083,C0006,1200.00,USD,card,out,2026-04-18T19:37:00
T00000084,C0097,1200.00,USD,wire,out,2026-04-28T05:43:00
T00000086,C0011,50.00,USD,wire,out,2026-04-17T08:31:00
T00000087,C0060,120.00,USD,card,in,2026-04-15T21:25:00
T00000088,C0076,120.00,USD,cash,out,2026-03-29T12:04:00
T00000089,C0098,4800.00,USD,ach,in,2026-03-11T22:39:00
T00000093,C0099,2500.00,USD,card,out,2026-04-05T10:40:00
T00000095,C0064,50.00,USD,card,in,2026-03-25T01:05:00
T00000096,C0067,2500.00,USD,wire,out,2026-03-03T22:00:00
T00000097,C0083,2500.00,USD,card,out,2026-04-26T01:06:00
T00000098,C0080,1200.00,USD,cash,in,2026-03-16T20:05:00
T00000100,C0003,50.00,USD,ach,out,2026-04-29T01:10:00
T00000103,C0063,120.00,USD,card,out,2026-03-03T17:51:00
T00000105,C0086,750.00,USD,ach,out,2026-03-28T06:56:00
T00000106,C0081,750.00,USD,ach,in,2026-04-03T13:44:00
T00000108,C0073,50.00,USD,card,out,2026-04-12T13:42:00
T00000109,C0001,2500.00,USD,cash,out,2026-03-25T14:11:00
T00000111,C0081,2500.00,USD,wire,in,2026-04-18T16:44:00
T00000112,C0011,2500.00,USD,card,in,2026-03-04T02:40:00
T00000116,C0011,300.00,USD,cash,out,2026-03-12T00:00:00
T00000119,C0082,750.00,USD,ach,out,2026-04-26T15:08:00
T00000122,C0085,750.00,USD,wire,out,2026-03-14T13:26:00
T00000123,C0088,750.00,USD,wire,out,2026-04-08T05:32:00
T00000125,C0097,120.00,USD,wire,out,2026-03-27T05:23:00
T00000130,C0082,4800.00,USD,card,out,2026-04-30T10:30:00
T00000131,C0087,750.00,USD,cash,in,2026-04-24T20:15:00
T00000134,C0089,4800.00,USD,wire,out,2026-04-23T15:19:00
T00000135,C0093,300.00,USD,ach,out,2026-04-25T01:33:00
T00000138,C0096,300.00,USD,ach,out,2026-04-03T12:57:00
T00000142,C0003,4800.00,USD,ach,out,2026-04-20T03:16:00
T00000145,C0099,50.00,USD,wire,in,2026-03-25T16:55:00
T00000146,C0062,300.00,USD,wire,in,2026-03-23T21:34:00
T00000147,C0067,120.00,USD,card,in,2026-03-20T02:58:00
T00000148,C0000,4800.00,USD,wire,out,2026-04-18T02:47:00
T00000151,C0009,750.00,USD,card,out,2026-03-07T01:24:00
T00000153,C0067,300.00,USD,ach,in,2026-04-25T23:05:00
T00000155,C0099,4800.00,USD,wire,in,2026-04-09T00:14:00
T00000156,C0097,4800.00,USD,card,out,2026-03-21T09:49:00
T00000157,C0096,2500.00,USD,ach,out,2026-03-25T17:32:00
T00000159,C0075,50.00,USD,ach,out,2026-04-28T00:28:00
T00000161,C0082,1200.00,USD,card,out,2026-03-07T09:21:00
T00000162,C0074,50.00,USD,card,in,2026-03-26T12:03:00
T00000166,C0080,300.00,USD,cash,out,2026-03-21T01:56:00
T00000168,C0083,120.00,USD,cash,out,2026-03-17T14:35:00
T00000169,C0071,300.00,USD,wire,in,2026-04-06T15:10:00
T00000171,C0079,120.00,USD,wire,in,2026-04-22T16:36:00
T00000172,C0092,300.00,USD,card,in,2026-04-15T21:21:00
T00000173,C0068,4800.00,USD,card,in,2026-04-16T02:09:00
T00000175,C0064,4800.00,USD,wire,in,2026-03-28T22:50:00
T00000177,C0097,1200.00,USD,wire,out,2026-04-21T03:32:00
T00000179,C0028,50.00,USD,ach,in,2026-04-30T01:01:00
T00000181,C0097,1200.00,USD,cash,in,2026-03-16T20:32:00
T00000182,C0002,120.00,USD,card,in,2026-04-15T05:07:00
T00000183,C0099,50.00,USD,cash,in,2026-04-13T04:41:00
T00000185,C0076,1200.00,USD,wire,in,2026-03-28T11:20:00
T00000186,C0085,300.00,USD,cash,in,2026-03-20T09:27:00
T00000190,C0005,4800.00,USD,wire,out,2026-04-08T18:39:00
T00000193,C0083,4800.00,USD,ach,out,2026-04-10T03:53:00
T00000195,C0063,4800.00,USD,ach,in,2026-03-17T20:37:00
T00000196,C0093,1200.00,USD,wire,out,2026-04-04T09:33:00
T00000197,C0077,2500.00,USD,card,out,2026-03-16T22:50:00
T00000199,C0081,2500.00,USD,card,out,2026-03-12T10:56:00
T00000200,C0065,120.00,USD,cash,in,2026-03-10T12:17:00
T00000201,C0077,120.00,USD,cash,in,2026-03-18T21:58:00
T00000202,C0099,750.00,USD,cash,in,2026-03-21T00:37:00
T00000203,C0086,750.00,USD,cash,in,2026-04-03T00:37:00
T00000204,C0067,2500.00,USD,ach,in,2026-04-07T23:40:00
T00000207,C0091,2500.00,USD,ach,out,2026-04-03T09:09:00
T00000208,C0090,300.00,USD,ach,in,2026-04-26T18:26:00
T00000209,C0091,120.00,USD,ach,in,2026-03-16T13:20:00
T00000212,C0073,2500.00,USD,cash,out,2026-04-27T07:40:00
T00000214,C0090,300.00,USD,cash,out,2026-04-17T00:27:00
T00000216,C0064,1200.00,USD,wire,in,2026-03-21T06:23:00
T00000217,C0005,2500.00,USD,wire,out,2026-03-20T17:44:00
T00000218,C0082,4800.00,USD,card,out,2026-04-11T20:45:00
T00000220,C0061,1200.00,USD,wire,out,2026-04-02T05:39:00
T00000221,C0071,750.00,USD,cash,out,2026-04-25T01:45:00
T00000223,C0078,120.00,USD,ach,out,2026-04-05T04:05:00
T00000227,C0076,750.00,USD,ach,in,2026-03-05T15:17:00
T00000233,C0004,4800.00,USD,card,out,2026-04-22T13:39:00
T00000236,C0090,4800.00,USD,cash,out,2026-03-26T02:30:00
T00000238,C0076,4800.00,USD,wire,in,2026-04-01T03:19:00
T00000239,C0004,120.00,USD,cash,out,2026-03-25T13:53:00
T00000241,C0071,1200.00,USD,card,out,2026-04-10T14:30:00
T00000243,C0078,300.00,USD,ach,in,2026-04-01T05:45:00
T00000245,C0061,4800.00,USD,ach,out,2026-04-08T18:01:00
T00000247,C0098,50.00,USD,ach,in,2026-03-11T07:42:00
T00000251,C0091,4800.00,USD,wire,in,2026-04-01T08:17:00
T00000253,C0068,50.00,USD,wire,out,2026-03-14T12:06:00
T00000256,C0064,4800.00,USD,cash,out,2026-04-02T03:48:00
T00000259,C0085,750.00,USD,ach,in,2026-04-25T06:52:00
T00000260,C0000,750.00,USD,ach,out,2026-04-14T23:45:00
T00000262,C0088,50.00,USD,card,out,2026-04-16T10:18:00
T00000264,C0081,1200.00,USD,wire,in,2026-03-04T02:37:00
T00000266,C0072,1200.00,USD,wire,in,2026-04-24T10:07:00
T00000267,C0074,1200.00,USD,card,in,2026-03-31T09:03:00
T00000269,C0086,50.00,USD,card,out,2026-03-11T02:14:00
T00000270,C0000,50.00,USD,cash,out,2026-03-15T05:23:00
T00000272,C0004,4800.00,USD,wire,out,2026-04-12T22:49:00
T00000273,C0084,2500.00,USD,ach,in,2026-03-06T18:52:00
T00000276,C0076,2500.00,USD,cash,in,2026-04-28T21:22:00
T00000277,C0094,120.00,USD,wire,in,2026-04-28T23:32:00
T00000280,C0063,2500.00,USD,card,out,2026-04-28T00:19:00
T00000281,C0089,300.00,USD,card,in,2026-04-04T22:51:00
T00000282,C0096,4800.00,USD,wire,out,2026-03-27T20:45:00
T00000285,C0097,1200.00,USD,wire,out,2026-03-24T12:18:00
T00000286,C0094,750.00,USD,wire,in,2026-04-23T12:12:00
T00000287,C0068,300.00,USD,ach,out,2026-03-21T00:41:00
T00000290,C0029,120.00,USD,card,out,2026-04-06T17:07:00
T00000293,C0069,50.00,USD,cash,in,2026-03-21T10:27:00
T00000294,C0097,4800.00,USD,wire,in,2026-04-30T22:52:00
T00000295,C0085,750.00,USD,card,in,2026-03-02T16:02:00
T00000296,C0000,50.00,USD,cash,out,2026-03-27T18:34:00
T00000297,C0068,4800.00,USD,card,in,2026-04-13T11:28:00
T00000300,C0070,50.00,USD,wire,in,2026-04-01T10:20:00
T00000306,C0006,4800.00,USD,cash,out,2026-04-24T22:46:00
T00000307,C0077,750.00,USD,ach,in,2026-03-12T16:22:00
T00000308,C0081,120.00,USD,ach,out,2026-04-13T21:29:00
T00000310,C0098,120.00,USD,cash,in,2026-03-23T02:09:00
T00000314,C0003,50.00,USD,ach,out,2026-04-26T00:25:00
T00000315,C0001,4800.00,USD,cash,in,2026-04-12T22:36:00
T00000316,C0073,750.00,USD,wire,in,2026-03-29T06:17:00
T00000319,C0079,300.00,USD,card,in,2026-04-07T01:32:00
T00000328,C0098,300.00,USD,wire,in,2026-04-15T14:18:00
T00000329,C0028,1200.00,USD,wire,out,2026-03-29T12:27:00
T00000332,C0008,2500.00,USD,cash,in,2026-04-12T10:09:00
T00000335,C0090,4800.00,USD,cash,in,2026-04-18T05:43:00
T00000336,C0068,120.00,USD,card,in,2026-04-20T00:40:00
T00000338,C0078,300.00,USD,ach,out,2026-04-05T17:53:00
T00000339,C0079,4800.00,USD,ach,in,2026-04-19T14:15:00
T00000340,C0086,120.00,USD,ach,in,2026-04-23T01:53:00
T00000342,C0076,750.00,USD,wire,out,2026-04-22T17:36:00
T00000344,C0062,750.00,USD,card,out,2026-04-23T05:08:00
T00000345,C0087,4800.00,USD,card,out,2026-03-30T22:15:00
T00000347,C0095,1200.00,USD,cash,in,2026-03-12T20:25:00
T00000349,C0069,2500.00,USD,wire,out,2026-04-17T22:54:00
T00000352,C0090,300.00,USD,cash,in,2026-04-13T02:24:00
T00000353,C0096,50.00,USD,ach,in,2026-03-11T22:02:00
T00000354,C0089,120.00,USD,ach,in,2026-03-07T07:45:00
T00000355,C0097,750.00,USD,wire,out,2026-03-08T14:35:00
T00000356,C0011,300.00,USD,ach,out,2026-04-05T19:13:00
T00000357,C0062,4800.00,USD,cash,out,2026-04-10T18:00:00
T00000358,C0081,4800.00,USD,cash,out,2026-03-19T13:38:00
T00000361,C0087,50.00,USD,card,in,2026-03-14T10:58:00
T00000365,C0085,50.00,USD,card,out,2026-03-04T15:50:00
T00000366,C0092,2500.00,USD,cash,in,2026-03-18T04:33:00
T00000367,C0000,120.00,USD,wire,out,2026-04-17T20:56:00
T00000370,C0080,750.00,USD,card,in,2026-03-15T07:02:00
T00000371,C0011,4800.00,USD,cash,out,2026-03-05T08:52:00
T00000373,C0084,1200.00,USD,wire,out,2026-03-06T02:47:00
T00000374,C0063,1200.00,USD,cash,out,2026-03-21T16:56:00
T00000376,C0069,750.00,USD,cash,in,2026-03-19T06:12:00
T00000377,C0075,120.00,USD,cash,in,2026-04-27T11:44:00
T00000379,C0089,1200.00,USD,wire,out,2026-04-06T09:20:00
T00000381,C0089,120.00,USD,cash,in,2026-04-03T12:06:00
T00000382,C0011,750.00,USD,cash,out,2026-03-02T22:53:00
T00000383,C0085,120.00,USD,cash,in,2026-03-14T14:13:00
T00000384,C0090,120.00,USD,card,out,2026-04-22T14:00:00
T00000385,C0066,120.00,USD,ach,in,2026-03-28T12:44:00
T00000386,C0095,50.00,USD,cash,out,2026-03-13T03:14:00
T00000389,C0005,50.00,USD,card,out,2026-03-08T11:45:00
T00000391,C0028,2500.00,USD,ach,out,2026-04-11T04:34:00
T00000392,C0009,1200.00,USD,cash,in,2026-03-26T00:53:00
T00000393,C0028,750.00,USD,cash,out,2026-03-10T19:58:00
T00000397,C0088,50.00,USD,card,out,2026-03-06T11:39:00
T00000400,C0081,1200.00,USD,cash,out,2026-03-09T23:56:00
T00000401,C0084,300.00,USD,ach,out,2026-04-23T04:42:00
T00000402,C0089,300.00,USD,card,out,2026-03-08T12:40:00
T00000403,C0029,4800.00,USD,cash,in,2026-04-27T05:52:00
T00000405,C0068,300.00,USD,card,out,2026-04-09T05:32:00
T00000408,C0003,2500.00,USD,wire,in,2026-04-05T21:25:00
T00000409,C0028,750.00,USD,ach,in,2026-04-23T05:08:00
T00000410,C0074,4800.00,USD,cash,in,2026-03-25T03:02:00
T00000411,C0008,4800.00,USD,wire,in,2026-04-18T15:32:00
T00000413,C0087,120.00,USD,wire,out,2026-04-04T06:38:00
T00000414,C0082,1200.00,USD,card,in,2026-04-12T20:34:00
T00000415,C0011,750.00,USD,wire,in,2026-04-13T23:52:00
T00000418,C0007,300.00,USD,wire,in,2026-03-10T20:27:00
T00000419,C0094,4800.00,USD,card,out,2026-04-28T04:24:00
T00000421,C0090,1200.00,USD,wire,in,2026-03-18T00:24:00
T00000422,C0077,750.00,USD,cash,out,2026-04-17T11:27:00
T00000423,C0078,2500.00,USD,wire,out,2026-04-19T07:39:00
T00000426,C0083,1200.00,USD,ach,in,2026-04-11T06:15:00
T00000427,C0085,300.00,USD,ach,in,2026-03-25T06:36:00
T00000431,C0001,2500.00,USD,cash,out,2026-04-15T05:45:00
T00000436,C0002,50.00,USD,ach,in,2026-04-11T03:54:00
T00000438,C0076,50.00,USD,card,in,2026-03-22T20:15:00
T00000439,C0077,50.00,USD,cash,out,2026-03-05T22:50:00
T00000442,C0006,50.00,USD,ach,out,2026-04-08T11:33:00
T00000444,C0060,4800.00,USD,card,out,2026-03-08T08:41:00
T00000445,C0062,50.00,USD,card,in,2026-03-04T14:44:00
T00000449,C0069,1200.00,USD,cash,out,2026-04-04T17:46:00
T00000450,C0066,4800.00,USD,card,in,2026-04-04T18:17:00
T00000451,C0060,4800.00,USD,cash,in,2026-04-12T09:35:00
T00000453,C0080,300.00,USD,cash,in,2026-04-21T16:44:00
T00000455,C0001,1200.00,USD,card,in,2026-03-11T13:21:00
T00000457,C0072,300.00,USD,ach,out,2026-03-13T08:10:00
T00000464,C0093,50.00,USD,wire,out,2026-04-04T16:19:00
T00000465,C0007,300.00,USD,card,in,2026-03-30T06:56:00
T00000466,C0099,1200.00,USD,cash,in,2026-03-07T19:04:00
T00000468,C0064,50.00,USD,cash,in,2026-04-05T15:01:00
T00000471,C0003,4800.00,USD,wire,in,2026-04-07T10:50:00
T00000472,C0099,750.00,USD,wire,in,2026-03-12T15:00:00
T00000473,C0091,750.00,USD,card,out,2026-03-16T15:43:00
T00000475,C0000,4800.00,USD,ach,out,2026-03-29T14:07:00
T00000477,C0081,2500.00,USD,ach,in,2026-04-11T03:44:00
T00000479,C0087,2500.00,USD,card,out,2026-04-22T12:59:00
T00000482,C0064,2500.00,USD,wire,out,2026-04-12T06:07:00
T00000485,C0006,1200.00,USD,cash,out,2026-03-06T15:23:00
T00000488,C0072,300.00,USD,wire,in,2026-03-04T21:51:00
T00000490,C0061,1200.00,USD,wire,out,2026-04-07T11:58:00
T00000491,C0093,300.00,USD,ach,in,2026-04-16T04:16:00
T00000494,C0096,4800.00,USD,card,in,2026-04-19T06:02:00
T00000495,C0029,120.00,USD,cash,in,2026-04-16T12:52:00
T00000497,C0081,50.00,USD,cash,in,2026-04-14T18:21:00
T00000498,C0083,2500.00,USD,cash,out,2026-03-09T11:57:00
T00000501,C0084,300.00,USD,wire,out,2026-04-24T14:27:00
T00000502,C0063,4800.00,USD,ach,in,2026-04-18T16:48:00
T00000505,C0085,1200.00,USD,card,in,2026-04-26T08:07:00
T00000506,C0011,2500.00,USD,cash,out,2026-03-12T19:56:00
T00000507,C0082,300.00,USD,card,in,2026-04-16T21:42:00
T00000509,C0086,50.00,USD,cash,in,2026-04-10T22:13:00
T00000510,C0001,2500.00,USD,wire,out,2026-03-08T07:18:00
T00000514,C0078,50.00,USD,wire,out,2026-04-07T00:21:00
T00000517,C0009,120.00,USD,ach,out,2026-03-13T20:40:00
T00000518,C0006,2500.00,USD,card,out,2026-03-30T04:25:00
T00000520,C0063,750.00,USD,cash,in,2026-04-03T01:53:00
T00000522,C0077,1200.00,USD,wire,out,2026-03-22T15:41:00
T00000523,C0098,2500.00,USD,ach,out,2026-03-22T16:30:00
T00000525,C0081,1200.00,USD,ach,in,2026-03-11T02:25:00
T00000526,C0005,120.00,USD,card,in,2026-03-05T06:29:00
T00000529,C0005,2500.00,USD,cash,out,2026-03-02T15:07:00
T00000531,C0067,750.00,USD,card,in,2026-03-15T10:25:00
T00000532,C0088,4800.00,USD,wire,in,2026-03-25T06:14:00
T00000533,C0088,750.00,USD,ach,out,2026-03-14T04:43:00
T00000535,C0091,120.00,USD,wire,in,2026-03-14T18:20:00
T00000536,C0090,1200.00,USD,ach,in,2026-03-21T06:28:00
T00000537,C0097,1200.00,USD,card,out,2026-04-08T18:30:00
T00000542,C0078,1200.00,USD,wire,out,2026-03-06T14:13:00
T00000544,C0001,1200.00,USD,card,in,2026-03-15T03:48:00
T00000545,C0081,300.00,USD,wire,in,2026-03-16T13:19:00
T00000546,C0065,750.00,USD,ach,out,2026-04-23T23:58:00
T00000549,C0099,4800.00,USD,ach,out,2026-03-02T15:21:00
T00000550,C0073,4800.00,USD,ach,in,2026-03-27T00:56:00
T00000552,C0084,300.00,USD,wire,out,2026-04-10T01:37:00
T00000553,C0082,50.00,USD,ach,out,2026-03-22T16:45:00
T00000555,C0066,4800.00,USD,card,out,2026-03-10T00:28:00
T00000556,C0005,300.00,USD,cash,in,2026-04-12T15:48:00
T00000558,C0085,2500.00,USD,card,in,2026-03-22T05:05:00
T00000560,C0095,750.00,USD,ach,in,2026-03-19T07:59:00
T00000561,C0011,4800.00,USD,ach,in,2026-04-27T10:49:00
T00000562,C0073,300.00,USD,card,out,2026-03-10T04:02:00
T00000564,C0086,2500.00,USD,cash,in,2026-04-23T19:00:00
T00000565,C0089,1200.00,USD,cash,out,2026-03-08T09:38:00
T00000566,C0087,300.00,USD,card,out,2026-04-11T16:55:00
T00000568,C0086,300.00,USD,cash,in,2026-03-05T12:19:00
T00000572,C0072,4800.00,USD,card,in,2026-03-08T10:06:00
T00000575,C0072,300.00,USD,card,in,2026-03-26T00:09:00
T00000576,C0000,120.00,USD,card,out,2026-04-11T04:10:00
T00000579,C0082,300.00,USD,wire,in,2026-03-24T09:07:00
T00000580,C0064,1200.00,USD,card,in,2026-03-22T11:08:00
T00000581,C0004,1200.00,USD,card,in,2026-03-27T03:26:00
T00000584,C0084,120.00,USD,wire,out,2026-04-15T16:17:00
T00000587,C0083,1200.00,USD,ach,out,2026-04-11T08:15:00
T00000588,C0074,750.00,USD,card,out,2026-03-27T17:49:00
T00000589,C0075,300.00,USD,card,in,2026-03-21T09:27:00
T00000590,C0066,4800.00,USD,ach,out,2026-04-06T00:08:00
T00000591,C0061,1200.00,USD,wire,out,2026-03-05T17:00:00
T00000593,C0075,750.00,USD,cash,in,2026-04-20T15:07:00
T00000594,C0005,120.00,USD,wire,in,2026-04-22T17:23:00
T00000597,C0028,120.00,USD,wire,out,2026-03-08T22:22:00
T00000598,C0008,120.00,USD,cash,in,2026-04-16T23:36:00
T00000600,C0096,2500.00,USD,wire,in,2026-04-24T09:30:00
T00000601,C0061,1200.00,USD,cash,out,2026-03-11T23:38:00
T00000603,C0076,300.00,USD,wire,in,2026-03-05T18:34:00
T00000606,C0078,4800.00,USD,wire,out,2026-04-13T14:35:00
T00000608,C0084,750.00,USD,wire,in,2026-04-23T12:46:00
T00000609,C0087,750.00,USD,cash,in,2026-03-17T10:50:00
T00000611,C0028,50.00,USD,card,out,2026-04-08T09:22:00
T00000612,C0078,2500.00,USD,cash,in,2026-03-20T19:42:00
T00000613,C0081,120.00,USD,ach,in,2026-03-30T22:00:00
T00000614,C0004,1200.00,USD,wire,in,2026-03-11T16:28:00
T00000616,C0075,2500.00,USD,cash,in,2026-04-18T20:00:00
T00000617,C0070,1200.00,USD,ach,out,2026-04-12T12:07:00
T00000622,C0087,50.00,USD,card,in,2026-04-01T17:05:00
T00000625,C0070,300.00,USD,ach,in,2026-03-03T06:30:00
T00000626,C0073,2500.00,USD,wire,out,2026-04-14T06:13:00
T00000628,C0099,50.00,USD,card,in,2026-04-25T08:02:00
T00000629,C0097,4800.00,USD,card,out,2026-03-07T18:58:00
T00000630,C0079,1200.00,USD,ach,out,2026-04-10T20:03:00
T00000633,C0089,2500.00,USD,cash,in,2026-03-28T21:40:00
T00000634,C0086,50.00,USD,ach,out,2026-04-17T23:23:00
T00000635,C0078,1200.00,USD,ach,in,2026-03-07T03:49:00
T00000638,C0094,50.00,USD,wire,out,2026-04-21T20:09:00
T00000639,C0072,2500.00,USD,wire,in,2026-04-27T23:54:00
T00000641,C0002,4800.00,USD,wire,in,2026-04-05T08:38:00
T00000642,C0010,750.00,USD,wire,in,2026-04-06T16:42:00
T00000644,C0077,750.00,USD,ach,out,2026-03-20T23:43:00
T00000647,C0067,300.00,USD,wire,in,2026-03-14T09:54:00
T00000649,C0084,750.00,USD,card,out,2026-04-09T01:05:00
T00000650,C0070,1200.00,USD,wire,out,2026-04-03T07:16:00
T00000651,C0011,750.00,USD,ach,in,2026-04-03T02:37:00
T00000653,C0096,4800.00,USD,card,out,2026-04-01T03:00:00
T00000654,C0076,300.00,USD,wire,out,2026-04-17T11:25:00
T00000656,C0080,4800.00,USD,ach,out,2026-04-15T19:12:00
T00000657,C0083,300.00,USD,card,in,2026-03-14T18:09:00
T00000658,C0008,50.00,USD,card,out,2026-04-20T07:42:00
T00000662,C0011,120.00,USD,ach,out,2026-04-22T11:29:00
T00000664,C0010,300.00,USD,card,in,2026-03-09T07:57:00
T00000665,C0069,4800.00,USD,ach,out,2026-04-01T06:48:00
T00000666,C0001,750.00,USD,card,in,2026-04-23T13:45:00
T00000667,C0094,2500.00,USD,cash,in,2026-04-29T05:31:00
T00000668,C0060,300.00,USD,wire,in,2026-04-06T14:41:00
T00000669,C0006,50.00,USD,wire,out,2026-03-06T14:47:00
T00000672,C0087,4800.00,USD,cash,in,2026-03-23T01:01:00
T00000674,C0062,4800.00,USD,ach,out,2026-04-17T01:25:00
T00000675,C0093,750.00,USD,ach,in,2026-04-19T11:16:00
T00000677,C0069,1200.00,USD,wire,out,2026-03-17T20:48:00
T00000678,C0070,120.00,USD,card,out,2026-04-21T09:27:00
T00000680,C0002,1200.00,USD,wire,out,2026-03-23T00:11:00
T00000681,C0098,300.00,USD,ach,out,2026-03-27T07:21:00
T00000682,C0082,1200.00,USD,cash,in,2026-04-11T08:54:00
T00000685,C0067,300.00,USD,cash,out,2026-03-22T13:23:00
T00000686,C0028,50.00,USD,wire,out,2026-03-23T13:56:00
T00000688,C0067,4800.00,USD,ach,in,2026-04-28T12:56:00
T00000690,C0071,2500.00,USD,cash,out,2026-03-14T18:34:00
T00000691,C0086,750.00,USD,cash,in,2026-04-01T13:18:00
T00000693,C0081,1200.00,USD,wire,in,2026-04-03T12:40:00
T00000694,C0092,50.00,USD,wire,out,2026-04-29T02:22:00
T00000695,C0088,1200.00,USD,wire,in,2026-03-10T03:02:00
T00000696,C0074,4800.00,USD,ach,in,2026-04-16T04:44:00
T00000697,C0073,120.00,USD,cash,out,2026-04-05T17:02:00
T00000698,C0061,2500.00,USD,cash,out,2026-04-19T20:08:00
T00000699,C0004,50.00,USD,cash,out,2026-03-15T17:36:00
T00000701,C0095,50.00,USD,card,in,2026-03-20T16:01:00
T00000705,C0060,1200.00,USD,card,out,2026-03-25T12:57:00
T00000706,C0010,4800.00,USD,wire,in,2026-04-05T19:33:00
T00000707,C0078,120.00,USD,cash,out,2026-03-14T19:45:00
T00000708,C0099,1200.00,USD,cash,in,2026-04-04T01:17:00
T00000709,C0085,300.00,USD,wire,out,2026-04-04T22:37:00
T00000711,C0029,120.00,USD,cash,in,2026-04-18T14:37:00
T00000712,C0094,120.00,USD,ach,in,2026-04-28T04:21:00
T00000715,C0067,50.00,USD,ach,in,2026-04-29T03:50:00
T00000716,C0089,750.00,USD,cash,in,2026-03-23T03:57:00
T00000718,C0002,120.00,USD,card,in,2026-04-12T15:36:00
T00000721,C0064,300.00,USD,card,in,2026-04-14T10:20:00
T00000722,C0071,300.00,USD,card,in,2026-04-14T04:51:00
T00000723,C0011,2500.00,USD,wire,out,2026-03-15T23:27:00
T00000725,C0098,1200.00,USD,wire,out,2026-04-21T15:01:00
T00000728,C0099,120.00,USD,cash,out,2026-04-19T08:52:00
T00000729,C0077,1200.00,USD,wire,in,2026-03-25T16:46:00
T00000730,C0060,120.00,USD,card,out,2026-03-16T15:37:00
T00000731,C0060,120.00,USD,cash,out,2026-04-23T06:48:00
T00000732,C0097,120.00,USD,wire,in,2026-05-01T03:34:00
T00000736,C0071,2500.00,USD,cash,in,2026-04-06T19:12:00
T00000739,C0089,750.00,USD,ach,out,2026-03-28T07:35:00
T00000740,C0003,2500.00,USD,wire,out,2026-04-19T21:23:00
T00000742,C0093,120.00,USD,card,out,2026-03-11T19:21:00
T00000743,C0005,300.00,USD,wire,in,2026-03-13T06:02:00
T00000744,C0098,120.00,USD,cash,in,2026-04-03T02:20:00
T00000746,C0063,4800.00,USD,cash,out,2026-03-07T20:26:00
T00000750,C0011,120.00,USD,wire,out,2026-04-28T08:34:00
T00000751,C0004,300.00,USD,card,in,2026-04-26T02:40:00
T00000752,C0097,300.00,USD,card,in,2026-04-03T18:56:00
T00000754,C0089,50.00,USD,cash,out,2026-04-17T16:57:00
T00000755,C0092,4800.00,USD,ach,out,2026-03-17T16:01:00
T00000756,C0077,1200.00,USD,ach,in,2026-03-08T01:44:00
T00000757,C0078,2500.00,USD,card,out,2026-03-25T20:27:00
T00000759,C0000,2500.00,USD,cash,in,2026-04-24T11:31:00
T00000760,C0078,300.00,USD,ach,in,2026-04-04T22:58:00
T00000761,C0001,300.00,USD,ach,in,2026-03-22T05:16:00
T00000763,C0087,2500.00,USD,cash,in,2026-04-10T01:35:00
T00000765,C0004,120.00,USD,card,out,2026-03-21T07:30:00
T00000767,C0072,1200.00,USD,cash,in,2026-03-15T14:40:00
T00000768,C0073,4800.00,USD,ach,in,2026-03-19T01:09:00
T00000770,C0004,750.00,USD,wire,out,2026-04-13T22:55:00
T00000771,C0004,50.00,USD,card,in,2026-03-13T05:02:00
T00000772,C0061,120.00,USD,ach,out,2026-03-04T19:51:00
T00000773,C0093,4800.00,USD,ach,in,2026-03-06T19:41:00
T00000774,C0098,1200.00,USD,wire,in,2026-03-07T08:08:00
T00000775,C0087,50.00,USD,ach,out,2026-03-07T16:05:00
T00000776,C0005,2500.00,USD,ach,in,2026-04-24T19:11:00
T00000777,C0073,120.00,USD,ach,in,2026-03-14T02:20:00
T00000781,C0090,120.00,USD,wire,in,2026-03-11T02:24:00
T00000782,C0086,50.00,USD,cash,out,2026-04-28T08:36:00
T00000785,C0072,4800.00,USD,card,in,2026-04-23T09:08:00
T00000787,C0029,1200.00,USD,ach,out,2026-04-17T07:05:00
T00000790,C0061,4800.00,USD,ach,in,2026-04-02T06:42:00
T00000791,C0065,2500.00,USD,cash,out,2026-04-24T23:08:00
T00000792,C0071,300.00,USD,card,out,2026-03-21T09:10:00
T00000793,C0075,120.00,USD,wire,out,2026-04-05T04:21:00
T00000796,C0007,120.00,USD,cash,in,2026-04-26T05:08:00
T00000797,C0084,300.00,USD,card,out,2026-04-21T21:26:00
T00000801,C0090,4800.00,USD,ach,in,2026-03-27T00:53:00
T00000805,C0084,120.00,USD,card,out,2026-04-04T07:55:00
T00000806,C0089,120.00,USD,card,out,2026-03-23T22:21:00
T00000807,C0070,300.00,USD,wire,in,2026-03-09T21:36:00
T00000808,C0064,1200.00,USD,ach,in,2026-04-13T22:01:00
T00000809,C0004,300.00,USD,cash,out,2026-03-25T20:15:00
T00000810,C0088,2500.00,USD,ach,out,2026-04-26T07:14:00
T00000811,C0066,1200.00,USD,cash,in,2026-04-25T19:04:00
T00000812,C0060,2500.00,USD,cash,out,2026-03-21T12:18:00
T00000813,C0078,4800.00,USD,cash,out,2026-04-28T01:26:00
T00000816,C0093,50.00,USD,card,in,2026-03-11T17:44:00
T00000817,C0073,4800.00,USD,cash,out,2026-04-27T14:42:00
T00000818,C0062,50.00,USD,ach,out,2026-04-26T07:28:00
T00000820,C0094,1200.00,USD,wire,out,2026-04-23T16:49:00
T00000821,C0004,1200.00,USD,wire,out,2026-04-10T09:51:00
T00000822,C0073,2500.00,USD,ach,in,2026-03-16T00:57:00
T00000823,C0006,750.00,USD,ach,out,2026-04-20T21:35:00
T00000824,C0095,750.00,USD,card,out,2026-03-13T18:46:00
T00000827,C0068,750.00,USD,ach,out,2026-03-22T00:06:00
T00000829,C0098,2500.00,USD,wire,out,2026-03-18T12:45:00
T00000830,C0001,50.00,USD,card,out,2026-04-05T08:27:00
T00000831,C0028,120.00,USD,cash,in,2026-03-16T02:44:00
T00000832,C0079,2500.00,USD,wire,in,2026-04-26T10:22:00
T00000833,C0082,50.00,USD,wire,out,2026-03-26T06:03:00
T00000838,C0082,1200.00,USD,card,in,2026-03-31T08:51:00
T00000839,C0078,750.00,USD,ach,in,2026-03-21T08:02:00
T00000840,C0004,2500.00,USD,ach,out,2026-04-27T09:24:00
T00000841,C0002,2500.00,USD,cash,in,2026-03-04T20:51:00
T00000842,C0085,2500.00,USD,ach,out,2026-04-07T03:51:00
T00000843,C0073,4800.00,USD,card,out,2026-04-30T19:15:00
T00000845,C0000,4800.00,USD,card,in,2026-04-06T13:08:00
T00000846,C0072,2500.00,USD,ach,out,2026-03-28T00:39:00
T00000847,C0007,300.00,USD,ach,in,2026-03-21T15:55:00
T00000853,C0094,50.00,USD,cash,in,2026-03-25T04:01:00
T00000854,C0062,1200.00,USD,cash,in,2026-03-21T11:30:00
T00000855,C0089,120.00,USD,cash,out,2026-03-21T08:00:00
T00000858,C0073,4800.00,USD,wire,in,2026-03-28T07:40:00
T00000860,C0078,750.00,USD,cash,in,2026-04-07T06:59:00
T00000861,C0000,2500.00,USD,ach,out,2026-04-20T09:15:00
T00000862,C0088,120.00,USD,wire,in,2026-03-10T20:16:00
T00000863,C0088,2500.00,USD,card,in,2026-04-28T16:49:00
T00000864,C0080,750.00,USD,cash,in,2026-03-10T02:38:00
T00000878,C0093,120.00,USD,wire,out,2026-04-03T12:05:00
T00000880,C0067,4800.00,USD,cash,out,2026-04-05T20:09:00
T00000881,C0063,4800.00,USD,cash,out,2026-04-16T09:25:00
T00000883,C0061,2500.00,USD,card,in,2026-03-20T02:50:00
T00000889,C0079,120.00,USD,cash,in,2026-04-29T00:37:00
T00000891,C0096,300.00,USD,ach,out,2026-03-15T04:40:00
T00000893,C0064,2500.00,USD,ach,out,2026-03-29T08:30:00
T00000894,C0079,4800.00,USD,cash,in,2026-04-07T14:16:00
T00000897,C0069,300.00,USD,card,out,2026-03-03T07:30:00
T00000898,C0094,120.00,USD,cash,in,2026-03-21T11:42:00
T00000899,C0029,300.00,USD,card,out,2026-03-08T19:19:00
T00000900,C0083,1200.00,USD,card,out,2026-03-21T01:29:00
T00000907,C0003,120.00,USD,card,out,2026-04-05T20:11:00
T00000909,C0060,1200.00,USD,wire,out,2026-03-05T02:12:00
T00000910,C0070,750.00,USD,wire,out,2026-04-24T02:59:00
T00000911,C0067,50.00,USD,cash,out,2026-04-17T03:48:00
T00000912,C0086,750.00,USD,wire,out,2026-03-20T09:28:00
T00000915,C0093,750.00,USD,card,out,2026-03-05T21:13:00
T00000917,C0075,120.00,USD,ach,out,2026-03-24T09:51:00
T00000918,C0067,1200.00,USD,card,in,2026-04-10T09:01:00
T00000919,C0000,300.00,USD,card,in,2026-04-04T15:02:00
T00000920,C0071,4800.00,USD,wire,in,2026-04-01T13:24:00
T00000921,C0074,2500.00,USD,card,in,2026-04-11T20:25:00
T00000922,C0003,300.00,USD,ach,out,2026-03-12T11:51:00
T00000924,C0062,120.00,USD,cash,in,2026-03-03T13:19:00
T00000925,C0097,1200.00,USD,ach,out,2026-04-13T20:56:00
T00000926,C0072,2500.00,USD,card,in,2026-04-04T03:20:00
T00000928,C0074,750.00,USD,wire,out,2026-04-28T07:40:00
T00000930,C0098,50.00,USD,wire,out,2026-03-22T06:12:00
T00000935,C0090,4800.00,USD,cash,in,2026-04-12T11:13:00
T00000940,C0096,1200.00,USD,wire,in,2026-04-25T08:02:00
T00000943,C0064,300.00,USD,wire,out,2026-03-07T13:30:00
T00000945,C0063,300.00,USD,cash,in,2026-03-14T00:15:00
T00000947,C0087,1200.00,USD,card,out,2026-03-08T21:46:00
T00000953,C0096,300.00,USD,card,out,2026-03-11T15:35:00
T00000954,C0062,4800.00,USD,card,in,2026-03-30T03:51:00
T00000957,C0063,300.00,USD,card,out,2026-03-11T21:48:00
T00000958,C0064,4800.00,USD,cash,in,2026-04-14T18:39:00
T00000961,C0062,2500.00,USD,card,out,2026-04-04T07:41:00
T00000962,C0097,750.00,USD,card,out,2026-04-23T17:17:00
T00000963,C0071,50.00,USD,card,out,2026-03-08T06:28:00
T00000964,C0063,2500.00,USD,ach,out,2026-03-24T23:21:00
T00000967,C0007,120.00,USD,ach,in,2026-03-20T04:45:00
T00000968,C0088,300.00,USD,wire,in,2026-04-27T02:53:00
T00000969,C0065,50.00,USD,card,in,2026-03-04T22:43:00
T00000973,C0073,2500.00,USD,cash,in,2026-04-06T04:21:00
T00000974,C0075,1200.00,USD,card,out,2026-04-10T03:56:00
T00000978,C0095,2500.00,USD,card,in,2026-04-02T03:01:00
T00000979,C0066,120.00,USD,wire,in,2026-04-19T00:31:00
T00000980,C0081,4800.00,USD,ach,in,2026-04-17T22:43:00
T00000982,C0062,2500.00,USD,cash,in,2026-03-26T22:33:00
T00000984,C0082,750.00,USD,cash,in,2026-03-08T10:14:00
T00000985,C0010,4800.00,USD,cash,out,2026-04-10T16:41:00
T00000988,C0063,1200.00,USD,cash,out,2026-03-06T09:45:00
T00000992,C0077,4800.00,USD,cash,in,2026-04-28T12:18:00
T00000994,C0068,750.00,USD,card,in,2026-03-07T04:06:00
T00000997,C0060,4800.00,USD,ach,out,2026-03-14T22:01:00
T00001000,C0088,2500.00,USD,wire,out,2026-04-30T10:19:00
T00001001,C0010,1200.00,USD,wire,out,2026-04-24T06:45:00
T00001005,C0079,120.00,USD,cash,out,2026-04-03T16:44:00
T00001007,C0086,2500.00,USD,wire,in,2026-03-31T08:46:00
T00001009,C0079,1200.00,USD,card,in,2026-04-03T04:37:00
T00001010,C0001,300.00,USD,card,in,2026-04-01T07:05:00
T00001011,C0091,2500.00,USD,ach,in,2026-04-06T13:33:00
T00001016,C0095,300.00,USD,ach,out,2026-04-07T22:42:00
T00001018,C0071,4800.00,USD,card,in,2026-03-07T14:20:00
T00001021,C0005,1200.00,USD,card,out,2026-04-03T00:15:00
T00001022,C0063,120.00,USD,cash,out,2026-04-23T12:05:00
T00001023,C0011,4800.00,USD,wire,out,2026-04-18T02:49:00
T00001027,C0076,50.00,USD,card,out,2026-03-20T11:39:00
T00001028,C0093,120.00,USD,cash,out,2026-03-15T17:52:00
T00001031,C0002,750.00,USD,card,out,2026-03-08T05:50:00
T00001032,C0082,50.00,USD,ach,out,2026-03-13T15:51:00
T00001034,C0060,750.00,USD,cash,out,2026-04-13T17:22:00
T00001036,C0005,2500.00,USD,wire,in,2026-03-30T01:31:00
T00001037,C0061,2500.00,USD,ach,in,2026-04-12T07:52:00
T00001038,C0066,50.00,USD,cash,in,2026-04-04T02:24:00
T00001039,C0065,750.00,USD,cash,out,2026-04-24T19:33:00
T00001040,C0084,300.00,USD,ach,out,2026-03-15T17:08:00
T00001041,C0074,50.00,USD,card,in,2026-04-25T19:59:00
T00001045,C0086,50.00,USD,cash,out,2026-04-24T22:26:00
T00001047,C0084,750.00,USD,ach,out,2026-03-14T16:14:00
T00001048,C0088,750.00,USD,ach,in,2026-03-18T13:17:00
T00001050,C0003,120.00,USD,wire,out,2026-04-17T20:19:00
T00001052,C0060,120.00,USD,wire,out,2026-04-29T21:23:00
T00001053,C0091,750.00,USD,ach,in,2026-04-03T22:06:00
T00001054,C0062,1200.00,USD,card,in,2026-04-05T20:28:00
T00001055,C0091,750.00,USD,ach,in,2026-04-27T19:59:00
T00001057,C0079,2500.00,USD,card,in,2026-03-21T00:32:00
T00001059,C0029,2500.00,USD,ach,out,2026-03-30T04:23:00
T00001061,C0086,4800.00,USD,card,in,2026-03-20T12:37:00
T00001062,C0079,2500.00,USD,cash,out,2026-04-18T02:16:00
T00001067,C0098,120.00,USD,cash,in,2026-04-28T18:43:00
T00001069,C0078,1200.00,USD,cash,in,2026-03-23T08:08:00
T00001071,C0093,4800.00,USD,card,in,2026-04-12T13:32:00
T00001074,C0091,2500.00,USD,wire,in,2026-03-13T22:37:00
T00001080,C0067,750.00,USD,card,in,2026-03-23T07:16:00
T00001081,C0069,750.00,USD,ach,out,2026-03-22T16:19:00
T00001082,C0099,50.00,USD,ach,out,2026-04-19T02:55:00
T00001083,C0092,120.00,USD,ach,in,2026-03-15T12:04:00
T00001084,C0011,1200.00,USD,ach,in,2026-03-29T18:41:00
T00001085,C0002,300.00,USD,wire,out,2026-04-29T18:23:00
T00001086,C0064,4800.00,USD,cash,out,2026-04-09T08:57:00
T00001088,C0095,2500.00,USD,wire,out,2026-03-24T17:15:00
T00001090,C0007,120.00,USD,card,in,2026-04-04T07:30:00
T00001092,C0074,750.00,USD,card,out,2026-03-30T15:33:00
T00001094,C0090,2500.00,USD,wire,out,2026-03-29T19:53:00
T00001096,C0066,300.00,USD,ach,out,2026-04-22T08:37:00
T00001098,C0000,50.00,USD,cash,out,2026-04-23T18:38:00
T00001099,C0061,750.00,USD,ach,out,2026-03-26T02:24:00
T00001100,C0060,1200.00,USD,wire,in,2026-03-08T12:07:00
T00001101,C0011,1200.00,USD,card,out,2026-03-10T16:18:00
T00001102,C0029,1200.00,USD,cash,out,2026-03-04T23:39:00
T00001103,C0094,4800.00,USD,wire,in,2026-04-13T15:55:00
T00001104,C0079,50.00,USD,wire,out,2026-03-27T17:12:00
T00001106,C0068,1200.00,USD,cash,out,2026-03-24T01:35:00
T00001107,C0002,750.00,USD,cash,out,2026-04-09T22:49:00
T00001109,C0086,300.00,USD,wire,in,2026-04-21T10:21:00
T00001113,C0061,120.00,USD,cash,out,2026-04-29T22:20:00
T00001114,C0070,120.00,USD,wire,out,2026-03-24T14:54:00
T00001116,C0079,50.00,USD,cash,out,2026-04-12T15:50:00
T00001118,C0080,1200.00,USD,ach,in,2026-04-17T17:07:00
T00001122,C0096,120.00,USD,ach,out,2026-03-16T21:43:00
T00001124,C0089,750.00,USD,cash,in,2026-03-16T20:12:00
T00001125,C0068,2500.00,USD,cash,out,2026-04-29T14:32:00
T00001127,C0002,2500.00,USD,ach,in,2026-03-14T03:17:00
T00001128,C0011,300.00,USD,wire,in,2026-03-09T16:20:00
T00001129,C0077,4800.00,USD,card,in,2026-04-18T11:48:00
T00001131,C0029,4800.00,USD,ach,in,2026-03-05T19:14:00
T00001132,C0086,1200.00,USD,ach,out,2026-04-29T13:17:00
T00001133,C0000,2500.00,USD,cash,out,2026-04-03T15:17:00
T00001137,C0080,750.00,USD,cash,out,2026-04-25T11:30:00
T00001140,C0080,50.00,USD,cash,in,2026-04-02T17:53:00
T00001142,C0071,750.00,USD,card,in,2026-04-28T02:06:00
T00001143,C0079,4800.00,USD,cash,out,2026-03-13T22:46:00
T00001145,C0083,1200.00,USD,ach,in,2026-03-19T11:31:00
T00001147,C0073,300.00,USD,ach,out,2026-04-22T15:28:00
T00001148,C0061,120.00,USD,wire,in,2026-03-15T16:32:00
T00001149,C0083,1200.00,USD,wire,in,2026-03-14T00:41:00
T00001150,C0066,120.00,USD,cash,in,2026-03-24T14:17:00
T00001151,C0064,50.00,USD,card,out,2026-03-09T18:06:00
T00001154,C0074,300.00,USD,card,out,2026-03-26T01:21:00
T00001156,C0028,120.00,USD,wire,out,2026-03-04T11:20:00
T00001158,C0000,300.00,USD,cash,in,2026-04-08T11:56:00
T00001160,C0003,120.00,USD,wire,out,2026-04-19T05:42:00
T00001164,C0005,120.00,USD,ach,in,2026-03-13T16:23:00
T00001166,C0065,2500.00,USD,cash,out,2026-03-24T20:47:00
T00001167,C0084,1200.00,USD,card,out,2026-03-23T09:50:00
T00001168,C0063,300.00,USD,ach,out,2026-03-28T21:49:00
T00001169,C0091,1200.00,USD,card,in,2026-03-30T20:43:00
T00001173,C0065,750.00,USD,card,out,2026-03-23T01:33:00
T00001176,C0010,1200.00,USD,cash,out,2026-04-12T19:28:00
T00001177,C0029,300.00,USD,cash,in,2026-04-25T08:56:00
T00001180,C0098,300.00,USD,card,out,2026-04-12T02:08:00
T00001181,C0074,750.00,USD,wire,out,2026-03-13T16:00:00
T00001182,C0070,4800.00,USD,card,out,2026-03-13T21:14:00
T00001183,C0010,4800.00,USD,card,in,2026-04-11T05:33:00
T00001190,C0003,750.00,USD,ach,in,2026-04-20T05:56:00
T00001191,C0029,50.00,USD,card,in,2026-04-12T14:27:00
T00001195,C0075,2500.00,USD,card,out,2026-04-18T19:15:00
T00001197,C0067,750.00,USD,card,out,2026-04-09T17:04:00
T00001198,C0073,300.00,USD,card,out,2026-04-28T12:55:00
T00001199,C0089,300.00,USD,card,in,2026-03-08T13:10:00
T00001202,C0089,4800.00,USD,wire,out,2026-04-29T04:04:00
T00001203,C0097,50.00,USD,cash,out,2026-03-27T08:37:00
T00001205,C0003,2500.00,USD,card,out,2026-04-26T15:16:00
T00001207,C0001,120.00,USD,ach,out,2026-04-15T08:15:00
T00001208,C0062,1200.00,USD,wire,out,2026-04-02T09:55:00
T00001210,C0009,300.00,USD,wire,out,2026-03-20T11:17:00
T00001212,C0088,1200.00,USD,cash,in,2026-04-11T21:57:00
T00001213,C0098,120.00,USD,ach,in,2026-04-07T05:01:00
T00001216,C0092,1200.00,USD,cash,out,2026-04-21T10:34:00
T00001218,C0001,50.00,USD,card,in,2026-04-05T15:40:00
T00001220,C0005,300.00,USD,card,in,2026-04-27T05:34:00
T00001221,C0091,300.00,USD,cash,out,2026-03-27T17:50:00
T00001222,C0080,4800.00,USD,wire,out,2026-03-17T23:17:00
T00001223,C0008,1200.00,USD,card,out,2026-04-10T11:22:00
T00001224,C0065,1200.00,USD,cash,in,2026-03-21T12:46:00
T00001225,C0002,120.00,USD,card,in,2026-03-23T08:41:00
T00001226,C0079,300.00,USD,card,out,2026-04-26T10:52:00
T00001228,C0092,300.00,USD,wire,out,2026-03-23T21:13:00
T00001229,C0003,300.00,USD,wire,in,2026-04-16T12:39:00
T00001230,C0028,300.00,USD,wire,out,2026-03-23T23:27:00
T00001233,C0073,300.00,USD,card,in,2026-04-02T15:48:00
T00001235,C0064,4800.00,USD,wire,out,2026-03-22T12:33:00
T00001236,C0076,2500.00,USD,wire,out,2026-03-28T07:25:00
T00001237,C0061,2500.00,USD,card,in,2026-04-27T01:52:00
T00001240,C0062,50.00,USD,card,in,2026-04-11T15:23:00
T00001242,C0098,1200.00,USD,card,out,2026-03-03T12:38:00
T00001243,C0089,750.00,USD,wire,in,2026-04-27T15:36:00
T00001245,C0077,120.00,USD,cash,in,2026-03-24T14:07:00
T00001246,C0098,750.00,USD,card,in,2026-04-25T15:15:00
T00001247,C0066,750.00,USD,wire,out,2026-03-04T05:04:00
T00001248,C0096,50.00,USD,cash,out,2026-03-05T12:05:00
T00001250,C0000,50.00,USD,cash,out,2026-04-20T21:00:00
T00001251,C0067,2500.00,USD,card,in,2026-04-04T15:42:00
T00001255,C0000,50.00,USD,cash,in,2026-03-19T17:10:00
T00001256,C0066,1200.00,USD,ach,out,2026-03-12T11:36:00
T00001257,C0060,750.00,USD,ach,out,2026-03-14T01:22:00
T00001258,C0087,4800.00,USD,wire,out,2026-03-06T01:40:00
T00001259,C0000,2500.00,USD,wire,in,2026-04-01T13:35:00
T00001261,C0084,4800.00,USD,ach,in,2026-04-19T11:20:00
T00001262,C0081,2500.00,USD,ach,out,2026-04-08T10:09:00
T00001263,C0029,2500.00,USD,cash,out,2026-03-23T20:35:00
T00001266,C0063,4800.00,USD,card,in,2026-03-12T09:41:00
T00001268,C0003,750.00,USD,ach,in,2026-04-21T01:03:00
T00001269,C0092,2500.00,USD,cash,in,2026-04-14T14:30:00
T00001270,C0068,50.00,USD,ach,in,2026-03-21T12:29:00
T00001271,C0073,2500.00,USD,ach,out,2026-03-12T16:56:00
T00001272,C0091,750.00,USD,card,in,2026-03-14T12:14:00
T00001273,C0028,50.00,USD,cash,in,2026-04-15T08:42:00
T00001276,C0007,4800.00,USD,card,out,2026-03-24T18:48:00
T00001279,C0076,2500.00,USD,cash,out,2026-04-13T07:13:00
T00001281,C0063,50.00,USD,ach,in,2026-04-12T13:36:00
T00001282,C0091,4800.00,USD,wire,in,2026-04-17T12:01:00
T00001285,C0089,4800.00,USD,card,in,2026-03-03T05:16:00
T00001290,C0065,750.00,USD,wire,out,2026-03-21T01:23:00
T00001291,C0076,750.00,USD,cash,out,2026-04-19T15:13:00
T00001292,C0083,2500.00,USD,card,out,2026-04-07T03:20:00
T00001293,C0001,50.00,USD,card,in,2026-04-24T08:55:00
T00001294,C0002,750.00,USD,ach,in,2026-03-24T17:24:00
T00001295,C0075,2500.00,USD,card,out,2026-04-19T23:30:00
T00001296,C0073,50.00,USD,wire,out,2026-04-23T08:40:00
T00001297,C0068,4800.00,USD,wire,in,2026-03-16T15:53:00
T00001302,C0088,50.00,USD,wire,in,2026-04-24T14:08:00
T00001304,C0070,2500.00,USD,wire,out,2026-04-15T03:36:00
T00001309,C0028,750.00,USD,wire,out,2026-04-14T11:54:00
T00001311,C0077,300.00,USD,card,in,2026-04-25T10:50:00
T00001313,C0075,2500.00,USD,wire,in,2026-04-23T04:00:00
T00001317,C0009,120.00,USD,cash,in,2026-03-16T04:55:00
T00001318,C0095,750.00,USD,cash,out,2026-04-12T18:01:00
T00001319,C0086,750.00,USD,card,in,2026-03-29T12:52:00
T00001321,C0089,120.00,USD,cash,out,2026-03-27T12:38:00
T00001324,C0080,300.00,USD,cash,out,2026-03-25T23:47:00
T00001325,C0079,300.00,USD,cash,out,2026-03-07T20:57:00
T00001328,C0010,120.00,USD,card,in,2026-03-28T19:03:00
T00001329,C0062,2500.00,USD,ach,in,2026-05-01T07:11:00
T00001330,C0060,300.00,USD,card,in,2026-04-06T00:41:00
T00001331,C0068,750.00,USD,card,in,2026-03-11T03:54:00
T00001334,C0095,2500.00,USD,wire,out,2026-04-10T10:50:00
T00001335,C0091,4800.00,USD,card,out,2026-04-23T01:12:00
T00001339,C0089,750.00,USD,wire,out,2026-04-15T14:08:00
T00001340,C0080,50.00,USD,wire,out,2026-03-22T07:46:00
T00001341,C0011,750.00,USD,ach,in,2026-03-07T10:36:00
T00001342,C0028,50.00,USD,card,in,2026-04-09T22:30:00
T00001345,C0084,300.00,USD,card,out,2026-03-15T01:47:00
T00001346,C0077,300.00,USD,card,out,2026-04-24T22:49:00
T00001349,C0083,750.00,USD,cash,in,2026-04-14T05:23:00
T00001353,C0071,2500.00,USD,cash,out,2026-04-09T00:32:00
T00001354,C0008,1200.00,USD,cash,in,2026-03-31T22:27:00
T00001355,C0076,300.00,USD,cash,in,2026-04-13T13:52:00
T00001356,C0088,750.00,USD,card,in,2026-04-18T12:08:00
T00001358,C0077,50.00,USD,wire,in,2026-04-14T05:49:00
T00001361,C0081,120.00,USD,ach,in,2026-04-22T03:01:00
T00001362,C0082,50.00,USD,cash,out,2026-04-16T05:26:00
T00001363,C0080,50.00,USD,ach,in,2026-03-24T00:40:00
T00001366,C0068,2500.00,USD,card,out,2026-03-19T17:54:00
T00001367,C0080,120.00,USD,card,in,2026-03-21T16:25:00
T00001370,C0061,750.00,USD,wire,in,2026-04-25T20:49:00
T00001377,C0080,4800.00,USD,cash,in,2026-03-28T08:59:00
T00001378,C0069,4800.00,USD,card,in,2026-04-13T08:28:00
T00001379,C0000,120.00,USD,card,out,2026-03-04T04:59:00
T00001381,C0062,50.00,USD,ach,out,2026-04-21T08:46:00
T00001382,C0009,300.00,USD,cash,in,2026-03-23T01:53:00
T00001383,C0077,1200.00,USD,ach,in,2026-04-22T06:33:00
T00001384,C0086,2500.00,USD,ach,out,2026-04-04T07:03:00
T00001386,C0091,50.00,USD,wire,in,2026-03-11T09:10:00
T00001387,C0061,1200.00,USD,card,out,2026-03-10T09:53:00
T00001391,C0070,750.00,USD,wire,out,2026-03-30T18:26:00
T00001392,C0095,120.00,USD,ach,in,2026-04-16T13:55:00
T00001395,C0095,2500.00,USD,wire,out,2026-04-23T08:16:00
T00001396,C0074,1200.00,USD,wire,in,2026-04-26T20:07:00
T00001399,C0064,4800.00,USD,card,out,2026-04-21T11:35:00
T00001400,C0070,1200.00,USD,ach,in,2026-03-17T03:02:00
T00001402,C0095,50.00,USD,wire,out,2026-04-17T23:21:00
T00001404,C0006,750.00,USD,wire,out,2026-03-11T00:19:00
T00001405,C0003,1200.00,USD,cash,in,2026-04-16T02:50:00
T00001407,C0072,50.00,USD,ach,in,2026-03-11T20:58:00
T00001410,C0003,1200.00,USD,cash,out,2026-03-24T23:30:00
T00001415,C0001,4800.00,USD,cash,out,2026-04-22T02:25:00
T00001417,C0098,300.00,USD,card,in,2026-04-02T03:30:00
T00001420,C0064,2500.00,USD,cash,in,2026-04-03T03:04:00
T00001421,C0094,4800.00,USD,cash,in,2026-03-12T04:16:00
T00001423,C0028,50.00,USD,ach,out,2026-04-06T21:18:00
T00001425,C0010,750.00,USD,card,in,2026-04-19T12:54:00
T00001427,C0089,300.00,USD,card,in,2026-03-14T20:53:00
T00001428,C0069,2500.00,USD,wire,out,2026-04-21T20:51:00
T00001433,C0076,2500.00,USD,wire,out,2026-04-19T09:14:00
T00001437,C0001,300.00,USD,ach,in,2026-04-08T00:59:00
T00001438,C0089,750.00,USD,card,out,2026-03-30T15:31:00
T00001443,C0064,300.00,USD,card,in,2026-03-25T10:18:00
T00001444,C0028,750.00,USD,cash,in,2026-03-12T21:25:00
T00001445,C0060,750.00,USD,card,out,2026-04-24T00:10:00
T00001446,C0000,300.00,USD,ach,out,2026-04-08T04:28:00
T00001448,C0004,4800.00,USD,ach,out,2026-05-01T11:51:00
T00001450,C0078,50.00,USD,card,in,2026-03-20T23:07:00
T00001451,C0081,750.00,USD,ach,in,2026-04-06T12:49:00
T00001454,C0080,50.00,USD,cash,out,2026-03-12T17:51:00
T00001455,C0003,750.00,USD,ach,in,2026-03-14T12:52:00
T00001457,C0002,50.00,USD,cash,out,2026-03-21T17:05:00
T00001458,C0076,300.00,USD,ach,in,2026-04-24T08:51:00
T00001459,C0011,300.00,USD,wire,out,2026-04-26T20:06:00
T00001460,C0009,750.00,USD,ach,out,2026-04-17T14:34:00
T00001463,C0066,50.00,USD,wire,in,2026-03-15T03:01:00
T00001469,C0077,1200.00,USD,ach,out,2026-04-06T22:48:00
T00001470,C0080,120.00,USD,cash,out,2026-03-10T09:32:00
T00001471,C0075,4800.00,USD,ach,out,2026-04-05T02:22:00
T00001472,C0003,300.00,USD,card,in,2026-04-24T06:09:00
T00001475,C0091,1200.00,USD,ach,in,2026-04-10T05:31:00
T00001476,C0071,1200.00,USD,wire,in,2026-04-26T23:42:00
T00001477,C0087,4800.00,USD,ach,in,2026-03-13T22:40:00
T00001482,C0082,50.00,USD,card,out,2026-04-30T09:30:00
T00001484,C0078,2500.00,USD,card,out,2026-04-27T23:41:00
T00001485,C0082,300.00,USD,cash,in,2026-03-04T08:07:00
T00001486,C0028,50.00,USD,ach,out,2026-04-28T11:52:00
T00001487,C0028,2500.00,USD,ach,in,2026-04-21T09:48:00
T00001488,C0088,4800.00,USD,cash,in,2026-03-07T10:44:00
T00001489,C0006,300.00,USD,card,out,2026-04-12T09:44:00
T00001490,C0089,750.00,USD,cash,in,2026-04-21T07:23:00
T00001492,C0085,120.00,USD,card,out,2026-04-23T19:27:00
T00001494,C0098,300.00,USD,wire,in,2026-04-12T13:55:00
T00001497,C0090,4800.00,USD,cash,in,2026-04-01T15:51:00
T00001498,C0028,750.00,USD,wire,out,2026-03-04T00:36:00
T00001499,C0073,750.00,USD,cash,in,2026-03-21T08:51:00
T00001501,C0084,300.00,USD,cash,in,2026-03-28T21:38:00
T00001503,C0006,50.00,USD,cash,out,2026-04-03T03:37:00
T00001504,C0093,300.00,USD,wire,out,2026-03-02T22:48:00
T00001505,C0006,120.00,USD,cash,in,2026-03-21T04:53:00
T00001506,C0004,50.00,USD,cash,out,2026-03-26T03:45:00
T00001507,C0028,2500.00,USD,card,out,2026-03-05T16:16:00
T00001510,C0093,1200.00,USD,card,out,2026-05-01T08:49:00
T00001511,C0088,2500.00,USD,cash,in,2026-04-16T06:40:00
T00001515,C0067,120.00,USD,cash,in,2026-03-30T06:12:00
T00001517,C0069,300.00,USD,ach,out,2026-04-14T14:29:00
T00001518,C0001,2500.00,USD,ach,out,2026-03-10T00:41:00
T00001521,C0003,2500.00,USD,card,out,2026-04-15T17:13:00
T00001523,C0080,750.00,USD,wire,out,2026-03-18T18:03:00
T00001528,C0006,750.00,USD,ach,in,2026-03-31T03:00:00
T00001529,C0006,300.00,USD,wire,in,2026-04-15T07:38:00
T00001532,C0072,1200.00,USD,wire,out,2026-03-02T15:31:00
T00001533,C0087,300.00,USD,card,out,2026-03-17T00:31:00
T00001535,C0011,300.00,USD,wire,out,2026-03-14T07:21:00
T00001537,C0010,2500.00,USD,cash,out,2026-04-28T03:07:00
T00001538,C0076,750.00,USD,ach,in,2026-04-25T02:24:00
T00001540,C0066,750.00,USD,wire,in,2026-04-21T18:13:00
T00001541,C0062,50.00,USD,cash,in,2026-03-22T13:48:00
T00001545,C0063,750.00,USD,card,in,2026-04-07T14:43:00
T00001548,C0082,750.00,USD,cash,out,2026-03-20T14:21:00
T00001552,C0091,4800.00,USD,ach,out,2026-03-08T07:43:00
T00001553,C0008,750.00,USD,card,in,2026-03-03T15:30:00
T00001554,C0073,2500.00,USD,ach,in,2026-03-16T19:11:00
T00001555,C0089,300.00,USD,card,in,2026-04-10T17:23:00
T00001556,C0005,120.00,USD,cash,in,2026-04-29T12:50:00
T00001557,C0063,300.00,USD,wire,in,2026-03-02T14:30:00
T00001558,C0008,50.00,USD,cash,in,2026-04-27T16:44:00
T00001561,C0094,1200.00,USD,wire,in,2026-04-20T22:08:00
T00001562,C0000,1200.00,USD,cash,out,2026-04-07T22:24:00
T00001565,C0008,750.00,USD,cash,in,2026-04-02T22:20:00
T00001567,C0029,300.00,USD,cash,in,2026-04-27T16:26:00
T00001573,C0009,1200.00,USD,cash,out,2026-04-04T16:13:00
T00001575,C0064,750.00,USD,card,out,2026-04-16T15:38:00
T00001576,C0029,4800.00,USD,wire,out,2026-04-30T10:59:00
T00001578,C0007,1200.00,USD,cash,in,2026-04-16T04:55:00
T00001580,C0007,750.00,USD,wire,out,2026-04-27T10:52:00
T00001584,C0067,2500.00,USD,cash,in,2026-03-05T03:40:00
T00001586,C0010,1200.00,USD,wire,out,2026-04-18T07:07:00
T00001587,C0004,2500.00,USD,card,in,2026-04-15T13:32:00
T00001588,C0002,300.00,USD,card,out,2026-03-31T10:43:00
T00001589,C0010,1200.00,USD,card,out,2026-04-28T03:06:00
T00001590,C0002,750.00,USD,cash,in,2026-03-06T23:36:00
T00001592,C0004,50.00,USD,ach,out,2026-03-28T00:01:00
T00001593,C0096,50.00,USD,ach,out,2026-03-25T05:12:00
T00001595,C0070,2500.00,USD,ach,out,2026-04-06T12:01:00
T00001603,C0008,4800.00,USD,ach,out,2026-04-03T06:44:00
T00001604,C0063,120.00,USD,wire,in,2026-04-23T04:20:00
T00001607,C0065,300.00,USD,ach,out,2026-04-27T04:47:00
T00001608,C0009,300.00,USD,wire,in,2026-03-20T22:04:00
T00001612,C0067,750.00,USD,card,out,2026-03-11T10:22:00
T00001614,C0098,300.00,USD,cash,in,2026-04-08T04:31:00
T00001617,C0029,1200.00,USD,wire,out,2026-03-26T07:01:00
T00001619,C0097,750.00,USD,cash,in,2026-03-26T13:01:00
T00001620,C0004,2500.00,USD,wire,in,2026-03-08T22:59:00
T00001623,C0009,750.00,USD,card,out,2026-03-15T00:32:00
T00001626,C0029,50.00,USD,card,out,2026-04-11T20:39:00
T00001629,C0062,120.00,USD,ach,out,2026-04-03T04:04:00
T00001630,C0077,120.00,USD,ach,in,2026-03-14T08:01:00
T00001632,C0003,1200.00,USD,card,out,2026-04-08T05:42:00
T00001633,C0066,50.00,USD,cash,out,2026-04-22T21:42:00
T00001635,C0064,2500.00,USD,cash,out,2026-04-10T03:31:00
T00001636,C0004,2500.00,USD,ach,in,2026-04-04T08:01:00
T00001637,C0071,2500.00,USD,cash,in,2026-03-19T15:58:00
T00001640,C0088,2500.00,USD,wire,out,2026-04-14T16:36:00
T00001641,C0085,2500.00,USD,card,out,2026-03-30T20:10:00
T00001642,C0069,120.00,USD,cash,out,2026-04-01T02:54:00
T00001645,C0090,4800.00,USD,card,out,2026-04-22T20:07:00
T00001646,C0087,300.00,USD,wire,out,2026-04-16T11:42:00
T00001648,C0093,4800.00,USD,cash,out,2026-04-17T01:20:00
T00001651,C0066,120.00,USD,wire,out,2026-04-18T00:26:00
T00001652,C0093,4800.00,USD,cash,in,2026-04-16T11:58:00
T00001653,C0064,120.00,USD,ach,out,2026-04-05T20:58:00
T00001654,C0003,2500.00,USD,wire,in,2026-04-16T15:11:00
T00001655,C0094,50.00,USD,cash,in,2026-03-06T03:05:00
T00001656,C0064,2500.00,USD,card,in,2026-03-15T13:12:00
T00001657,C0001,120.00,USD,cash,out,2026-03-14T18:22:00
T00001659,C0065,300.00,USD,card,in,2026-03-15T11:41:00
T00001663,C0091,1200.00,USD,cash,out,2026-04-24T21:46:00
T00001664,C0098,750.00,USD,cash,out,2026-04-16T21:37:00
T00001666,C0066,120.00,USD,cash,out,2026-03-15T17:12:00
T00001669,C0083,2500.00,USD,card,in,2026-04-16T01:31:00
T00001672,C0095,750.00,USD,cash,out,2026-03-06T18:34:00
T00001674,C0078,2500.00,USD,wire,in,2026-03-06T00:24:00
T00001677,C0008,120.00,USD,wire,in,2026-05-01T02:16:00
T00001679,C0074,1200.00,USD,card,out,2026-03-16T02:37:00
T00001680,C0071,120.00,USD,cash,in,2026-03-27T15:18:00
T00001683,C0073,300.00,USD,card,in,2026-03-12T17:22:00
T00001687,C0099,300.00,USD,ach,out,2026-04-06T13:30:00
T00001688,C0067,120.00,USD,wire,out,2026-04-25T16:07:00
T00001689,C0087,750.00,USD,ach,in,2026-04-23T18:03:00
T00001690,C0003,750.00,USD,ach,out,2026-03-07T00:06:00
T00001693,C0067,300.00,USD,ach,in,2026-04-19T11:23:00
T00001695,C0082,750.00,USD,cash,out,2026-04-13T15:30:00
T00001697,C0077,120.00,USD,card,in,2026-03-21T21:29:00
T00001698,C0004,2500.00,USD,wire,in,2026-04-08T11:21:00
T00001699,C0007,1200.00,USD,ach,in,2026-04-11T08:06:00
T00001700,C0083,300.00,USD,ach,in,2026-03-22T12:59:00
T00001701,C0075,50.00,USD,card,out,2026-03-16T00:27:00
T00001702,C0085,120.00,USD,wire,out,2026-03-20T10:56:00
T00001703,C0064,2500.00,USD,cash,out,2026-04-05T06:20:00
T00001705,C0072,50.00,USD,cash,in,2026-03-02T21:55:00
T00001706,C0093,1200.00,USD,cash,in,2026-04-26T06:40:00
T00001707,C0001,750.00,USD,cash,in,2026-04-17T15:37:00
T00001711,C0062,300.00,USD,card,in,2026-04-08T17:37:00
T00001712,C0004,120.00,USD,wire,out,2026-03-08T17:36:00
T00001713,C0064,300.00,USD,cash,in,2026-03-26T12:10:00
T00001715,C0060,300.00,USD,ach,out,2026-04-22T21:23:00
T00001716,C0084,2500.00,USD,cash,out,2026-03-25T10:40:00
T00001717,C0001,300.00,USD,ach,in,2026-04-20T22:30:00
T00001719,C0096,1200.00,USD,card,out,2026-04-29T21:09:00
T00001720,C0093,120.00,USD,ach,out,2026-04-05T20:07:00
T00001721,C0076,750.00,USD,ach,in,2026-04-09T20:17:00
T00001722,C0029,750.00,USD,card,out,2026-03-13T19:54:00
T00001723,C0073,120.00,USD,wire,out,2026-04-05T17:59:00
T00001724,C0006,4800.00,USD,wire,out,2026-04-26T02:10:00
T00001726,C0099,120.00,USD,ach,in,2026-04-08T11:30:00
T00001727,C0060,2500.00,USD,wire,out,2026-03-26T14:35:00
T00001729,C0068,2500.00,USD,cash,in,2026-04-27T00:29:00
T00001730,C0077,300.00,USD,ach,in,2026-04-20T04:37:00
T00001731,C0078,50.00,USD,wire,in,2026-03-23T23:02:00
T00001735,C0010,50.00,USD,card,in,2026-04-08T14:14:00
T00001737,C0001,750.00,USD,card,in,2026-03-30T15:18:00
T00001739,C0064,300.00,USD,ach,in,2026-04-07T20:15:00
T00001741,C0000,300.00,USD,wire,out,2026-04-09T13:23:00
T00001746,C0068,120.00,USD,cash,in,2026-03-14T23:45:00
T00001749,C0009,120.00,USD,cash,out,2026-04-11T00:58:00
T00001750,C0065,2500.00,USD,ach,out,2026-03-16T09:39:00
T00001753,C0088,1200.00,USD,card,in,2026-03-11T10:37:00
T00001754,C0097,2500.00,USD,wire,out,2026-03-02T22:43:00
T00001757,C0028,300.00,USD,wire,in,2026-04-17T11:15:00
T00001760,C0073,1200.00,USD,ach,in,2026-04-25T15:29:00
T00001763,C0095,1200.00,USD,wire,out,2026-03-31T04:36:00
T00001764,C0073,120.00,USD,card,out,2026-04-13T06:05:00
T00001766,C0098,2500.00,USD,ach,out,2026-04-07T15:54:00
T00001767,C0028,4800.00,USD,card,out,2026-03-07T23:29:00
T00001769,C0097,2500.00,USD,cash,out,2026-04-01T15:49:00
T00001770,C0074,750.00,USD,wire,in,2026-03-20T22:34:00
T00001771,C0002,120.00,USD,card,in,2026-04-10T16:45:00
T00001777,C0066,4800.00,USD,card,out,2026-03-31T23:56:00
T00001778,C0091,4800.00,USD,cash,out,2026-03-28T08:15:00
T00001779,C0061,300.00,USD,card,in,2026-03-09T12:57:00
T00001783,C0090,300.00,USD,ach,out,2026-03-31T04:12:00
T00001784,C0088,750.00,USD,ach,out,2026-04-03T01:10:00
T00001785,C0076,1200.00,USD,ach,in,2026-04-29T07:51:00
T00001786,C0028,300.00,USD,ach,out,2026-03-06T00:24:00
T00001787,C0091,300.00,USD,card,out,2026-04-20T17:20:00
T00001788,C0086,4800.00,USD,wire,in,2026-04-13T07:13:00
T00001791,C0079,2500.00,USD,wire,out,2026-03-05T06:38:00
T00001792,C0061,750.00,USD,cash,in,2026-04-19T20:03:00
T00001794,C0081,2500.00,USD,wire,in,2026-03-04T11:07:00
T00001795,C0064,1200.00,USD,cash,in,2026-04-27T03:25:00
T00001797,C0088,120.00,USD,wire,out,2026-03-02T15:06:00
T00001801,C0061,750.00,USD,wire,in,2026-04-23T21:55:00
T00001803,C0064,2500.00,USD,ach,out,2026-03-31T19:42:00
T00001804,C0068,2500.00,USD,ach,out,2026-04-16T01:43:00
T00001806,C0063,4800.00,USD,card,out,2026-04-21T06:56:00
T00001808,C0067,300.00,USD,wire,in,2026-04-01T08:17:00
T00001809,C0078,1200.00,USD,card,out,2026-03-20T06:40:00
T00001810,C0099,300.00,USD,card,out,2026-03-16T03:46:00
T00001813,C0097,300.00,USD,wire,out,2026-04-06T10:34:00
T00001816,C0092,4800.00,USD,card,out,2026-03-24T20:58:00
T00001818,C0007,1200.00,USD,ach,out,2026-03-22T01:43:00
T00001820,C0099,120.00,USD,wire,out,2026-03-15T22:08:00
T00001821,C0097,1200.00,USD,ach,in,2026-03-20T03:25:00
T00001823,C0098,120.00,USD,wire,out,2026-04-02T12:04:00
T00001824,C0090,2500.00,USD,cash,in,2026-04-15T03:22:00
T00001826,C0067,50.00,USD,card,in,2026-04-27T19:37:00
T00001827,C0064,1200.00,USD,card,out,2026-03-07T01:10:00
T00001828,C0073,2500.00,USD,cash,in,2026-04-09T15:56:00
T00001829,C0071,120.00,USD,cash,out,2026-03-13T08:26:00
T00001830,C0078,50.00,USD,card,out,2026-03-21T05:12:00
T00001834,C0001,120.00,USD,ach,in,2026-04-17T01:33:00
T00001835,C0074,750.00,USD,wire,out,2026-03-19T01:26:00
T00001836,C0003,50.00,USD,wire,out,2026-03-27T16:06:00
T00001840,C0075,120.00,USD,cash,in,2026-03-10T08:55:00
T00001841,C0096,2500.00,USD,ach,out,2026-04-18T08:29:00
T00001846,C0060,2500.00,USD,ach,in,2026-04-30T03:14:00
T00001848,C0066,750.00,USD,cash,in,2026-04-22T07:16:00
T00001849,C0076,2500.00,USD,ach,out,2026-03-11T05:05:00
T00001850,C0079,120.00,USD,wire,in,2026-04-05T06:34:00
T00001852,C0003,50.00,USD,card,in,2026-03-12T11:39:00
T00001853,C0094,750.00,USD,cash,out,2026-03-07T07:02:00
T00001854,C0097,120.00,USD,wire,in,2026-03-23T12:27:00
T00001855,C0060,1200.00,USD,card,in,2026-04-01T22:06:00
T00001856,C0077,300.00,USD,card,out,2026-03-10T16:00:00
T00001858,C0061,4800.00,USD,wire,in,2026-03-30T12:07:00
T00001860,C0028,2500.00,USD,ach,out,2026-04-15T06:14:00
T00001861,C0090,1200.00,USD,ach,in,2026-04-01T14:23:00
T00001863,C0080,50.00,USD,wire,in,2026-04-28T05:49:00
T00001866,C0095,1200.00,USD,ach,out,2026-04-13T15:11:00
T00001868,C0084,300.00,USD,ach,in,2026-04-24T14:06:00
T00001872,C0072,50.00,USD,ach,in,2026-03-06T19:27:00
T00001873,C0088,120.00,USD,cash,in,2026-03-29T06:37:00
T00001874,C0081,4800.00,USD,wire,out,2026-03-21T16:46:00
T00001876,C0076,750.00,USD,wire,in,2026-04-27T10:12:00
T00001878,C0028,750.00,USD,cash,in,2026-04-14T07:03:00
T00001880,C0081,1200.00,USD,cash,out,2026-04-23T19:41:00
T00001881,C0029,4800.00,USD,cash,out,2026-03-19T21:41:00
T00001884,C0076,4800.00,USD,card,out,2026-03-07T00:45:00
T00001887,C0010,4800.00,USD,card,in,2026-05-01T08:15:00
T00001888,C0074,750.00,USD,ach,in,2026-03-31T04:23:00
T00001889,C0099,1200.00,USD,card,out,2026-03-09T13:29:00
T00001890,C0005,4800.00,USD,cash,in,2026-03-24T08:23:00
T00001892,C0091,2500.00,USD,card,out,2026-03-15T10:38:00
T00001893,C0073,750.00,USD,card,in,2026-03-06T19:58:00
T00001897,C0098,1200.00,USD,ach,out,2026-03-12T06:47:00
T00001898,C0096,750.00,USD,cash,out,2026-04-09T06:06:00
T00001900,C0063,750.00,USD,wire,out,2026-03-22T06:12:00
T00001902,C0096,750.00,USD,cash,in,2026-03-26T18:49:00
T00001903,C0011,2500.00,USD,card,out,2026-04-25T13:22:00
T00001911,C0009,4800.00,USD,wire,in,2026-03-18T07:40:00
T00001912,C0077,2500.00,USD,wire,out,2026-04-16T12:38:00
T00001915,C0092,2500.00,USD,cash,out,2026-04-13T17:44:00
T00001917,C0068,300.00,USD,wire,out,2026-03-17T14:41:00
T00001918,C0006,50.00,USD,cash,in,2026-03-17T00:23:00
T00001919,C0067,2500.00,USD,wire,in,2026-04-04T12:50:00
T00001923,C0063,750.00,USD,wire,in,2026-04-26T06:44:00
T00001924,C0067,1200.00,USD,cash,in,2026-04-15T11:04:00
T00001925,C0087,50.00,USD,cash,in,2026-04-08T08:50:00
T00001929,C0079,4800.00,USD,cash,out,2026-04-28T18:04:00
T00001933,C0007,4800.00,USD,cash,in,2026-03-03T20:09:00
T00001934,C0084,1200.00,USD,card,in,2026-03-21T01:02:00
T00001937,C0063,2500.00,USD,cash,in,2026-03-12T02:11:00
T00001940,C0065,50.00,USD,wire,in,2026-04-07T14:16:00
T00001943,C0084,750.00,USD,wire,out,2026-03-10T01:49:00
T00001945,C0083,2500.00,USD,cash,out,2026-03-15T03:34:00
T00001947,C0076,750.00,USD,cash,out,2026-04-30T15:16:00
T00001950,C0094,2500.00,USD,card,out,2026-04-14T14:15:00
T00001951,C0068,1200.00,USD,ach,in,2026-04-13T02:06:00
T00001952,C0097,120.00,USD,cash,out,2026-04-23T23:08:00
T00001955,C0076,1200.00,USD,wire,in,2026-03-13T10:18:00
T00001957,C0080,2500.00,USD,card,in,2026-04-19T01:18:00
T00001960,C0066,2500.00,USD,wire,out,2026-03-28T11:21:00
T00001961,C0000,750.00,USD,cash,in,2026-03-26T10:08:00
T00001962,C0097,1200.00,USD,cash,in,2026-03-22T10:24:00
T00001963,C0083,1200.00,USD,card,out,2026-03-09T20:01:00
T00001964,C0087,2500.00,USD,wire,out,2026-03-22T23:32:00
T00001970,C0093,750.00,USD,card,out,2026-03-19T16:37:00
T00001971,C0082,120.00,USD,card,in,2026-04-12T05:35:00
T00001972,C0069,4800.00,USD,card,in,2026-03-20T21:41:00
T00001976,C0094,1200.00,USD,cash,in,2026-04-22T20:40:00
T00001977,C0008,4800.00,USD,cash,out,2026-04-26T12:00:00
T00001978,C0011,2500.00,USD,wire,in,2026-04-11T00:48:00
T00001979,C0060,300.00,USD,ach,in,2026-04-09T13:49:00
T00001980,C0071,750.00,USD,cash,out,2026-04-21T07:50:00
T00001984,C0098,4800.00,USD,ach,out,2026-04-29T17:16:00
T00001985,C0074,50.00,USD,card,out,2026-03-26T06:32:00
T00001987,C0091,1200.00,USD,card,in,2026-03-12T09:38:00
T00001988,C0079,120.00,USD,ach,out,2026-03-04T17:34:00
T00001994,C0004,2500.00,USD,card,out,2026-03-17T14:43:00
T00001996,C0090,2500.00,USD,ach,in,2026-04-10T07:38:00
T00001997,C0062,750.00,USD,cash,out,2026-04-13T03:55:00
T00001998,C0065,4800.00,USD,wire,in,2026-03-05T08:59:00
T00002000,C0001,9800.00,USD,cash,in,2026-04-28T22:00:00
T00002001,C0001,9500.00,USD,cash,in,2026-04-26T02:00:00
T00002002,C0001,9900.00,USD,cash,in,2026-04-22T01:00:00
T00002003,C0001,7500.00,USD,cash,in,2026-04-16T20:00:00
T00002004,C0001,9200.00,USD,cash,in,2026-04-09T22:00:00
T00002005,C0002,20000.00,USD,cash,in,2026-04-28T12:00:00
T00002006,C0002,18000.00,USD,cash,in,2026-04-28T18:00:00
T00002007,C0002,15000.00,USD,wire,out,2026-04-29T00:00:00
T00002008,C0002,17500.00,USD,wire,out,2026-04-29T06:00:00
T00002009,C0003,3500.00,USD,wire,in,2026-04-26T02:00:00
T00002010,C0003,4500.00,USD,wire,in,2026-04-19T02:00:00
T00002011,C0003,2800.00,USD,wire,in,2026-04-13T02:00:00
T00002012,C0004,6500.00,USD,cash,in,2026-05-01T03:00:00
T00002013,C0004,6000.00,USD,cash,in,2026-05-01T08:00:00
T00002014,C0005,200.00,USD,ach,out,2026-03-27T01:00:00
T00002015,C0005,200.00,USD,ach,out,2026-04-03T01:00:00
T00002016,C0005,200.00,USD,ach,out,2026-04-10T01:00:00
T00002017,C0005,200.00,USD,ach,out,2026-04-17T01:00:00
T00002018,C0005,5000.00,USD,wire,out,2026-04-29T21:00:00
T00002019,C0005,4500.00,USD,wire,out,2026-04-27T21:00:00
T00002020,C0005,5500.00,USD,wire,out,2026-04-25T21:00:00
T00002021,C0006,500.00,USD,ach,out,2026-03-07T02:00:00
T00002022,C0006,15000.00,USD,wire,in,2026-04-28T22:00:00
T00002023,C0007,12000.00,CAD,cash,in,2026-04-26T21:00:00
T00002024,C0007,10000.00,CAD,cash,in,2026-04-27T02:00:00
T00002025,C0007,8000.00,CAD,e_transfer,out,2026-04-27T16:00:00
T00002026,C0007,7000.00,CAD,e_transfer,out,2026-04-28T00:00:00
T00002027,C0007,6000.00,CAD,e_transfer,out,2026-04-28T06:00:00
T00002028,C0008,6445.00,CAD,wire,in,2026-05-01T01:00:00
T00002029,C0008,10227.00,CAD,wire,in,2026-04-28T01:00:00
T00002030,C0008,13013.00,CAD,wire,in,2026-04-25T01:00:00
T00002031,C0008,10781.00,CAD,wire,in,2026-04-22T01:00:00
T00002032,C0008,11606.00,CAD,wire,in,2026-04-19T01:00:00
T00002033,C0008,11874.00,CAD,wire,in,2026-04-16T01:00:00
T00002034,C0008,11544.00,CAD,wire,in,2026-04-13T01:00:00
T00002035,C0008,8555.00,CAD,wire,in,2026-04-10T01:00:00
T00002036,C0008,5355.00,CAD,wire,in,2026-04-07T01:00:00
T00002037,C0008,9549.00,CAD,wire,in,2026-04-04T01:00:00
T00002038,C0010,2500.00,EUR,wire,out,2026-04-28T22:00:00
T00002039,C0010,3000.00,EUR,wire,out,2026-04-25T22:00:00
T00002040,C0010,2800.00,EUR,wire,out,2026-04-20T22:00:00
T00002041,C0012,7500.00,USD,rtp,out,2026-05-01T01:00:00
T00002042,C0013,400.00,USD,rtp,in,2026-05-01T11:05:00
T00002043,C0013,350.00,USD,rtp,in,2026-05-01T11:13:00
T00002044,C0013,480.00,USD,rtp,in,2026-05-01T11:21:00
T00002045,C0013,410.00,USD,rtp,in,2026-05-01T11:29:00
T00002046,C0013,390.00,USD,rtp,in,2026-05-01T11:37:00
T00002047,C0013,460.00,USD,rtp,in,2026-05-01T11:45:00
T00002048,C0023,300.00,USD,rtp,out,2026-04-28T22:00:00
T00002049,C0023,400.00,USD,rtp,out,2026-04-26T22:00:00
T00002050,C0023,450.00,USD,rtp,out,2026-04-23T22:00:00
T00002051,C0023,400.00,USD,rtp,out,2026-04-20T22:00:00
T00002052,C0024,250.00,USD,rtp,in,2026-05-01T09:00:00
T00002053,C0025,300.00,USD,rtp,in,2026-05-01T08:00:00
T00002054,C0026,350.00,USD,rtp,in,2026-05-01T07:00:00
T00002055,C0027,400.00,USD,rtp,in,2026-05-01T06:00:00
T00002056,C0016,1500.00,GBP,faster_payments,out,2026-05-01T06:00:00
T00002057,C0017,6000.00,GBP,faster_payments,out,2026-04-30T22:00:00
T00002058,C0018,150.00,GBP,faster_payments,out,2026-04-29T02:00:00
T00002059,C0018,200.00,GBP,faster_payments,out,2026-04-27T02:00:00
T00002060,C0019,2000.00,GBP,faster_payments,in,2026-04-30T00:00:00
T00002061,C0019,1700.00,GBP,faster_payments,out,2026-04-30T00:30:00
T00002062,C0020,20000.00,USD,wire,out,2026-04-26T01:00:00
T00002063,C0020,20000.00,USD,wire,out,2026-04-19T01:00:00
T00002064,C0021,22000.00,USD,wire,out,2026-04-27T22:00:00
T00002065,C0021,18000.00,USD,wire,out,2026-04-20T22:00:00
T00002066,C0021,20000.00,USD,wire,out,2026-04-10T22:00:00
T00002067,C0022,30000.00,USD,wire,out,2026-04-29T02:00:00
T00002068,C0022,30000.00,USD,wire,out,2026-04-23T02:00:00
T00002069,C0028,42000.00,CAD,cash,in,2026-04-27T00:00:00
T00002070,C0028,40000.00,CAD,crypto,out,2026-04-28T06:00:00
T00002071,C0028,2900.00,CAD,prepaid,in,2026-04-29T22:00:00
T00002072,C0028,2900.00,CAD,prepaid,in,2026-04-26T22:00:00
T00002073,C0028,2900.00,CAD,prepaid,in,2026-04-23T22:00:00
T00002074,C0028,2900.00,CAD,prepaid,in,2026-04-20T22:00:00
T00002075,C0028,2900.00,CAD,prepaid,in,2026-04-17T22:00:00
T00002076,C0028,2900.00,CAD,prepaid,in,2026-04-14T22:00:00
T00002077,C0029,950.00,CAD,rtp,out,2026-05-01T06:00:00
T00002078,C0029,950.00,CAD,rtp,out,2026-05-01T06:09:00
T00002079,C0029,950.00,CAD,rtp,out,2026-05-01T06:18:00
T00002080,C0029,950.00,CAD,rtp,out,2026-05-01T06:27:00
T00002081,C0029,950.00,CAD,rtp,out,2026-05-01T06:36:00
T00002082,C0029,950.00,CAD,rtp,out,2026-05-01T06:45:00
T00002083,C0029,950.00,CAD,rtp,out,2026-05-01T06:54:00
T00002084,C0029,950.00,CAD,rtp,out,2026-05-01T07:03:00
T00002092,C0060,910.00,CAD,crypto,in,2026-03-20T08:00:00
T00002093,C0061,1500.00,CAD,prepaid,out,2026-03-19T07:00:00
T00002094,C0062,75.00,CAD,rtp,in,2026-03-18T06:00:00
T00002095,C0063,140.00,CAD,crypto,out,2026-03-17T05:00:00
T00002096,C0064,260.00,CAD,prepaid,in,2026-03-16T04:00:00
T00002097,C0065,520.00,CAD,rtp,out,2026-03-15T03:00:00
T00002098,C0066,910.00,CAD,crypto,in,2026-03-14T02:00:00
T00002099,C0067,1500.00,CAD,prepaid,out,2026-03-13T01:00:00
T00002100,C0068,75.00,CAD,rtp,in,2026-05-01T00:00:00
T00002101,C0069,140.00,CAD,crypto,out,2026-04-29T23:00:00
T00002102,C0070,260.00,CAD,prepaid,in,2026-04-28T22:00:00
T00002103,C0071,520.00,CAD,rtp,out,2026-04-27T21:00:00
T00002104,C0072,910.00,CAD,crypto,in,2026-04-26T20:00:00
T00002105,C0073,1500.00,CAD,prepaid,out,2026-04-25T19:00:00
T00002106,C0074,75.00,CAD,rtp,in,2026-04-24T18:00:00
T00002107,C0075,140.00,CAD,crypto,out,2026-04-23T17:00:00
T00002108,C0076,260.00,CAD,prepaid,in,2026-04-22T16:00:00
T00002109,C0077,520.00,CAD,rtp,out,2026-04-21T15:00:00
T00002110,C0078,910.00,CAD,crypto,in,2026-04-20T14:00:00
T00002111,C0079,1500.00,CAD,prepaid,out,2026-04-19T13:00:00
T00002112,C0080,75.00,CAD,rtp,in,2026-04-19T12:00:00
T00002113,C0081,140.00,CAD,crypto,out,2026-04-18T11:00:00
T00002114,C0082,260.00,CAD,prepaid,in,2026-04-17T10:00:00
T00002115,C0083,520.00,CAD,rtp,out,2026-04-16T09:00:00
T00002116,C0084,910.00,CAD,crypto,in,2026-04-15T08:00:00
T00002117,C0085,1500.00,CAD,prepaid,out,2026-04-14T07:00:00
T00002118,C0086,75.00,CAD,rtp,in,2026-04-13T06:00:00
T00002119,C0087,140.00,CAD,crypto,out,2026-04-12T05:00:00
T00002120,C0088,260.00,CAD,prepaid,in,2026-04-11T04:00:00
T00002121,C0089,520.00,CAD,rtp,out,2026-04-10T03:00:00
T00002122,C0090,910.00,CAD,crypto,in,2026-04-09T02:00:00
T00002123,C0091,1500.00,CAD,prepaid,out,2026-04-08T01:00:00
T00002124,C0092,75.00,CAD,rtp,in,2026-04-07T00:00:00
T00002125,C0093,140.00,CAD,crypto,out,2026-04-05T23:00:00
T00002126,C0094,260.00,CAD,prepaid,in,2026-04-04T22:00:00
T00002127,C0095,520.00,CAD,rtp,out,2026-04-03T21:00:00
T00002128,C0096,910.00,CAD,crypto,in,2026-04-02T20:00:00
T00002129,C0097,1500.00,CAD,prepaid,out,2026-04-01T19:00:00
T00002130,C0098,75.00,CAD,rtp,in,2026-03-31T18:00:00
T00002131,C0099,140.00,CAD,crypto,out,2026-03-30T17:00:00
T00002132,C0000,260.00,CAD,prepaid,in,2026-03-29T16:00:00
T00002133,C0001,520.00,CAD,rtp,out,2026-03-28T15:00:00
T00002134,C0002,910.00,CAD,crypto,in,2026-03-27T14:00:00
T00002135,C0003,1500.00,CAD,prepaid,out,2026-03-26T13:00:00
T00002136,C0004,75.00,CAD,rtp,in,2026-03-26T12:00:00
T00002137,C0005,140.00,CAD,crypto,out,2026-03-25T11:00:00
T00002138,C0006,260.00,CAD,prepaid,in,2026-03-24T10:00:00
T00002139,C0007,520.00,CAD,rtp,out,2026-03-23T09:00:00
T00002140,C0008,910.00,CAD,crypto,in,2026-03-22T08:00:00
T00002141,C0009,1500.00,CAD,prepaid,out,2026-03-21T07:00:00
T00002142,C0010,75.00,CAD,rtp,in,2026-03-20T06:00:00
T00002143,C0011,140.00,CAD,crypto,out,2026-03-19T05:00:00
T00002145,C0030,9800.00,USD,cash,in,2026-04-29T00:00:00
T00002146,C0030,9500.00,USD,cash,in,2026-04-26T00:00:00
T00002147,C0030,9900.00,USD,cash,in,2026-04-22T00:00:00
T00002148,C0030,7500.00,USD,cash,in,2026-04-17T00:00:00
T00002149,C0030,9200.00,USD,cash,in,2026-04-10T00:00:00
T00002150,C0031,20000.00,USD,cash,in,2026-04-28T12:00:00
T00002151,C0031,18000.00,USD,cash,in,2026-04-28T18:00:00
T00002152,C0031,15000.00,USD,wire,out,2026-04-29T00:00:00
T00002153,C0031,17500.00,USD,wire,out,2026-04-29T06:00:00
T00002154,C0032,3500.00,USD,wire,in,2026-04-26T02:00:00
T00002155,C0032,4500.00,USD,wire,in,2026-04-19T02:00:00
T00002156,C0032,2800.00,USD,wire,in,2026-04-13T02:00:00
T00002157,C0033,6500.00,USD,cash,in,2026-05-01T03:00:00
T00002158,C0033,6000.00,USD,cash,in,2026-05-01T08:00:00
T00002159,C0034,200.00,USD,ach,out,2026-03-27T01:00:00
T00002160,C0034,200.00,USD,ach,out,2026-04-03T01:00:00
T00002161,C0034,200.00,USD,ach,out,2026-04-10T01:00:00
T00002162,C0034,200.00,USD,ach,out,2026-04-17T01:00:00
T00002163,C0034,5000.00,USD,wire,out,2026-04-29T21:00:00
T00002164,C0034,4500.00,USD,wire,out,2026-04-27T21:00:00
T00002165,C0034,5500.00,USD,wire,out,2026-04-25T21:00:00
T00002166,C0035,500.00,USD,ach,out,2026-03-07T02:00:00
T00002167,C0035,15000.00,USD,wire,in,2026-04-28T22:00:00
T00002168,C0036,9800.00,USD,cash,in,2026-04-29T00:00:00
T00002169,C0036,9500.00,USD,cash,in,2026-04-26T00:00:00
T00002170,C0036,9900.00,USD,cash,in,2026-04-22T00:00:00
T00002171,C0036,7500.00,USD,cash,in,2026-04-17T00:00:00
T00002172,C0036,9200.00,USD,cash,in,2026-04-10T00:00:00
T00002173,C0037,20000.00,USD,cash,in,2026-04-28T12:00:00
T00002174,C0037,18000.00,USD,cash,in,2026-04-28T18:00:00
T00002175,C0037,15000.00,USD,wire,out,2026-04-29T00:00:00
T00002176,C0037,17500.00,USD,wire,out,2026-04-29T06:00:00
T00002177,C0038,3500.00,USD,wire,in,2026-04-26T02:00:00
T00002178,C0038,4500.00,USD,wire,in,2026-04-19T02:00:00
T00002179,C0038,2800.00,USD,wire,in,2026-04-13T02:00:00
T00002180,C0039,6500.00,USD,cash,in,2026-05-01T03:00:00
T00002181,C0039,6000.00,USD,cash,in,2026-05-01T08:00:00
T00002182,C0040,200.00,USD,ach,out,2026-03-27T01:00:00
T00002183,C0040,200.00,USD,ach,out,2026-04-03T01:00:00
T00002184,C0040,200.00,USD,ach,out,2026-04-10T01:00:00
T00002185,C0040,200.00,USD,ach,out,2026-04-17T01:00:00
T00002186,C0040,5000.00,USD,wire,out,2026-04-29T21:00:00
T00002187,C0040,4500.00,USD,wire,out,2026-04-27T21:00:00
T00002188,C0040,5500.00,USD,wire,out,2026-04-25T21:00:00
T00002189,C0041,500.00,USD,ach,out,2026-03-07T02:00:00
T00002190,C0041,15000.00,USD,wire,in,2026-04-28T22:00:00
T00002191,C0042,9800.00,USD,cash,in,2026-04-29T00:00:00
T00002192,C0042,9500.00,USD,cash,in,2026-04-26T00:00:00
T00002193,C0042,9900.00,USD,cash,in,2026-04-22T00:00:00
T00002194,C0042,7500.00,USD,cash,in,2026-04-17T00:00:00
T00002195,C0042,9200.00,USD,cash,in,2026-04-10T00:00:00
T00002196,C0043,20000.00,USD,cash,in,2026-04-28T12:00:00
T00002197,C0043,18000.00,USD,cash,in,2026-04-28T18:00:00
T00002198,C0043,15000.00,USD,wire,out,2026-04-29T00:00:00
T00002199,C0043,17500.00,USD,wire,out,2026-04-29T06:00:00
T00002200,C0044,3500.00,USD,wire,in,2026-04-26T02:00:00
T00002201,C0044,4500.00,USD,wire,in,2026-04-19T02:00:00
T00002202,C0044,2800.00,USD,wire,in,2026-04-13T02:00:00
T00002203,C0045,6500.00,USD,cash,in,2026-05-01T03:00:00
T00002204,C0045,6000.00,USD,cash,in,2026-05-01T08:00:00
T00002205,C0046,200.00,USD,ach,out,2026-03-27T01:00:00
T00002206,C0046,200.00,USD,ach,out,2026-04-03T01:00:00
T00002207,C0046,200.00,USD,ach,out,2026-04-10T01:00:00
T00002208,C0046,200.00,USD,ach,out,2026-04-17T01:00:00
T00002209,C0046,5000.00,USD,wire,out,2026-04-29T21:00:00
T00002210,C0046,4500.00,USD,wire,out,2026-04-27T21:00:00
T00002211,C0046,5500.00,USD,wire,out,2026-04-25T21:00:00
T00002212,C0047,500.00,USD,ach,out,2026-03-07T02:00:00
T00002213,C0047,15000.00,USD,wire,in,2026-04-28T22:00:00
T00002214,C0048,9800.00,USD,cash,in,2026-04-29T00:00:00
T00002215,C0048,9500.00,USD,cash,in,2026-04-26T00:00:00
T00002216,C0048,9900.00,USD,cash,in,2026-04-22T00:00:00
T00002217,C0048,7500.00,USD,cash,in,2026-04-17T00:00:00
T00002218,C0048,9200.00,USD,cash,in,2026-04-10T00:00:00
T00002219,C0049,20000.00,USD,cash,in,2026-04-28T12:00:00
T00002220,C0049,18000.00,USD,cash,in,2026-04-28T18:00:00
T00002221,C0049,15000.00,USD,wire,out,2026-04-29T00:00:00
T00002222,C0049,17500.00,USD,wire,out,2026-04-29T06:00:00
T00002223,C0050,3500.00,USD,wire,in,2026-04-26T02:00:00
T00002224,C0050,4500.00,USD,wire,in,2026-04-19T02:00:00
T00002225,C0050,2800.00,USD,wire,in,2026-04-13T02:00:00
T00002226,C0051,6500.00,USD,cash,in,2026-05-01T03:00:00
T00002227,C0051,6000.00,USD,cash,in,2026-05-01T08:00:00
T00002228,C0052,200.00,USD,ach,out,2026-03-27T01:00:00
T00002229,C0052,200.00,USD,ach,out,2026-04-03T01:00:00
T00002230,C0052,200.00,USD,ach,out,2026-04-10T01:00:00
T00002231,C0052,200.00,USD,ach,out,2026-04-17T01:00:00
T00002232,C0052,5000.00,USD,wire,out,2026-04-29T21:00:00
T00002233,C0052,4500.00,USD,wire,out,2026-04-27T21:00:00
T00002234,C0052,5500.00,USD,wire,out,2026-04-25T21:00:00
T00002235,C0053,500.00,USD,ach,out,2026-03-07T02:00:00
T00002236,C0053,15000.00,USD,wire,in,2026-04-28T22:00:00
T00002237,C0054,9800.00,USD,cash,in,2026-04-29T00:00:00
T00002238,C0054,9500.00,USD,cash,in,2026-04-26T00:00:00
T00002239,C0054,9900.00,USD,cash,in,2026-04-22T00:00:00
T00002240,C0054,7500.00,USD,cash,in,2026-04-17T00:00:00
T00002241,C0054,9200.00,USD,cash,in,2026-04-10T00:00:00
T00002242,C0055,20000.00,USD,cash,in,2026-04-28T12:00:00
T00002243,C0055,18000.00,USD,cash,in,2026-04-28T18:00:00
T00002244,C0055,15000.00,USD,wire,out,2026-04-29T00:00:00
T00002245,C0055,17500.00,USD,wire,out,2026-04-29T06:00:00
T00002246,C0056,3500.00,USD,wire,in,2026-04-26T02:00:00
T00002247,C0056,4500.00,USD,wire,in,2026-04-19T02:00:00
T00002248,C0056,2800.00,USD,wire,in,2026-04-13T02:00:00
T00002249,C0057,6500.00,USD,cash,in,2026-05-01T03:00:00
T00002250,C0057,6000.00,USD,cash,in,2026-05-01T08:00:00
T00002251,C0058,200.00,USD,ach,out,2026-03-27T01:00:00
T00002252,C0058,200.00,USD,ach,out,2026-04-03T01:00:00
T00002253,C0058,200.00,USD,ach,out,2026-04-10T01:00:00
T00002254,C0058,200.00,USD,ach,out,2026-04-17T01:00:00
T00002255,C0058,5000.00,USD,wire,out,2026-04-29T21:00:00
T00002256,C0058,4500.00,USD,wire,out,2026-04-27T21:00:00
T00002257,C0058,5500.00,USD,wire,out,2026-04-25T21:00:00
T00002258,C0059,500.00,USD,ach,out,2026-03-07T02:00:00
T00002259,C0059,15000.00,USD,wire,in,2026-04-28T22:00:00
