txn_id,customer_id,amount,currency,channel,direction,booked_at
T00000000,C0020,2500.00,USD,ach,in,2026-03-09T18:46:00
T00000001,C0007,300.00,USD,card,out,2026-03-02T10:09:00
T00000002,C0002,2500.00,USD,ach,in,2026-04-09T17:04:00
T00000003,C0020,2500.00,USD,card,in,2026-03-22T23:04:00
T00000004,C0008,1200.00,USD,ach,out,2026-04-15T04:13:00
T00000005,C0018,120.00,USD,card,in,2026-03-29T00:46:00
T00000006,C0024,2500.00,USD,wire,out,2026-04-20T08:51:00
T00000007,C0019,1200.00,USD,card,out,2026-04-18T23:36:00
T00000008,C0017,2500.00,USD,cash,out,2026-02-27T11:17:00
T00000009,C0024,300.00,USD,card,in,2026-03-13T01:53:00
T00000010,C0014,2500.00,USD,ach,in,2026-04-22T12:04:00
T00000011,C0016,2500.00,USD,ach,in,2026-02-24T08:05:00
T00000012,C0004,4800.00,USD,cash,out,2026-03-31T06:26:00
T00000013,C0015,300.00,USD,ach,in,2026-04-22T08:01:00
T00000014,C0001,50.00,USD,card,in,2026-04-07T17:55:00
T00000015,C0024,2500.00,USD,card,in,2026-03-20T07:52:00
T00000016,C0008,120.00,USD,wire,out,2026-03-20T16:33:00
T00000017,C0012,750.00,USD,card,in,2026-03-11T15:37:00
T00000018,C0007,50.00,USD,wire,in,2026-04-09T09:39:00
T00000019,C0000,50.00,USD,wire,in,2026-04-18T13:20:00
T00000020,C0001,1200.00,USD,wire,out,2026-02-27T01:56:00
T00000021,C0021,120.00,USD,card,in,2026-03-23T05:26:00
T00000022,C0015,50.00,USD,cash,out,2026-03-02T22:48:00
T00000023,C0011,4800.00,USD,cash,in,2026-03-26T22:31:00
T00000024,C0001,4800.00,USD,cash,in,2026-03-28T12:39:00
T00000025,C0006,120.00,USD,card,in,2026-04-10T18:32:00
T00000026,C0008,50.00,USD,card,in,2026-03-25T04:05:00
T00000027,C0001,50.00,USD,cash,in,2026-03-12T18:07:00
T00000028,C0005,120.00,USD,card,in,2026-03-27T20:30:00
T00000029,C0005,300.00,USD,card,out,2026-03-30T11:36:00
T00000030,C0013,1200.00,USD,card,in,2026-03-09T12:10:00
T00000031,C0006,1200.00,USD,cash,out,2026-04-05T05:57:00
T00000032,C0001,1200.00,USD,wire,in,2026-04-19T17:30:00
T00000033,C0016,1200.00,USD,cash,in,2026-04-18T06:56:00
T00000034,C0012,1200.00,USD,cash,in,2026-04-15T17:45:00
T00000035,C0013,1200.00,USD,ach,out,2026-03-11T17:24:00
T00000036,C0006,120.00,USD,ach,out,2026-03-11T13:40:00
T00000037,C0004,750.00,USD,ach,in,2026-03-11T15:41:00
T00000038,C0000,50.00,USD,cash,in,2026-03-24T16:24:00
T00000039,C0016,300.00,USD,cash,in,2026-04-07T07:01:00
T00000040,C0011,4800.00,USD,ach,in,2026-04-05T06:32:00
T00000041,C0021,2500.00,USD,cash,in,2026-03-01T18:41:00
T00000042,C0008,1200.00,USD,wire,out,2026-04-16T08:13:00
T00000043,C0009,300.00,USD,wire,out,2026-03-16T05:15:00
T00000044,C0016,4800.00,USD,cash,in,2026-03-23T03:03:00
T00000045,C0020,50.00,USD,ach,in,2026-03-27T03:58:00
T00000046,C0020,750.00,USD,card,in,2026-04-07T06:13:00
T00000047,C0003,120.00,USD,cash,out,2026-04-18T13:03:00
T00000048,C0018,120.00,USD,cash,out,2026-03-19T07:33:00
T00000049,C0011,300.00,USD,wire,in,2026-02-25T10:03:00
T00000050,C0021,1200.00,USD,card,in,2026-04-17T00:11:00
T00000051,C0007,4800.00,USD,wire,out,2026-02-27T06:09:00
T00000052,C0000,300.00,USD,card,in,2026-04-11T12:01:00
T00000053,C0008,750.00,USD,cash,out,2026-04-12T13:54:00
T00000054,C0007,300.00,USD,wire,in,2026-04-10T21:38:00
T00000055,C0000,300.00,USD,ach,in,2026-03-12T05:35:00
T00000056,C0024,1200.00,USD,card,out,2026-04-06T00:19:00
T00000057,C0000,1200.00,USD,ach,in,2026-04-16T03:49:00
T00000058,C0003,2500.00,USD,ach,out,2026-03-15T22:38:00
T00000059,C0019,1200.00,USD,wire,out,2026-03-22T08:36:00
T00000060,C0001,1200.00,USD,wire,out,2026-03-08T23:00:00
T00000061,C0013,300.00,USD,ach,in,2026-04-18T14:02:00
T00000062,C0023,300.00,USD,card,out,2026-02-25T02:28:00
T00000063,C0012,120.00,USD,wire,out,2026-03-10T02:25:00
T00000064,C0021,120.00,USD,ach,out,2026-03-29T14:13:00
T00000065,C0017,300.00,USD,wire,out,2026-03-01T11:41:00
T00000066,C0018,750.00,USD,card,out,2026-03-15T15:40:00
T00000067,C0021,4800.00,USD,wire,in,2026-04-09T19:30:00
T00000068,C0009,1200.00,USD,ach,in,2026-03-21T14:20:00
T00000069,C0024,120.00,USD,wire,in,2026-04-07T14:41:00
T00000070,C0000,1200.00,USD,cash,out,2026-04-21T04:30:00
T00000071,C0013,120.00,USD,card,out,2026-02-25T15:24:00
T00000072,C0012,2500.00,USD,cash,in,2026-04-08T07:19:00
T00000073,C0024,4800.00,USD,card,in,2026-03-27T04:49:00
T00000074,C0017,120.00,USD,card,out,2026-04-08T08:31:00
T00000075,C0024,4800.00,USD,card,out,2026-02-24T21:21:00
T00000076,C0005,300.00,USD,wire,out,2026-03-06T20:32:00
T00000077,C0024,2500.00,USD,wire,out,2026-03-04T19:29:00
T00000078,C0014,120.00,USD,ach,out,2026-04-18T13:42:00
T00000079,C0010,120.00,USD,wire,in,2026-02-24T18:55:00
T00000080,C0012,120.00,USD,cash,out,2026-03-10T07:15:00
T00000081,C0013,750.00,USD,cash,in,2026-04-01T18:31:00
T00000082,C0013,50.00,USD,card,out,2026-03-29T17:16:00
T00000083,C0000,750.00,USD,card,in,2026-04-01T02:12:00
T00000084,C0015,750.00,USD,cash,out,2026-04-09T03:33:00
T00000085,C0010,750.00,USD,wire,out,2026-03-11T14:09:00
T00000086,C0004,750.00,USD,cash,in,2026-03-14T18:59:00
T00000087,C0020,750.00,USD,wire,in,2026-03-27T07:05:00
T00000088,C0008,750.00,USD,ach,out,2026-03-30T01:47:00
T00000089,C0024,4800.00,USD,card,out,2026-02-25T23:43:00
T00000090,C0002,1200.00,USD,cash,out,2026-03-24T11:13:00
T00000091,C0007,2500.00,USD,cash,in,2026-03-13T09:11:00
T00000092,C0007,120.00,USD,wire,in,2026-04-11T11:21:00
T00000093,C0015,120.00,USD,card,out,2026-03-12T08:24:00
T00000094,C0024,1200.00,USD,cash,in,2026-03-31T06:22:00
T00000095,C0009,300.00,USD,card,out,2026-04-16T17:59:00
T00000096,C0022,2500.00,USD,wire,in,2026-04-11T09:23:00
T00000097,C0022,2500.00,USD,cash,in,2026-03-05T02:06:00
T00000098,C0011,300.00,USD,cash,out,2026-03-19T22:18:00
T00000099,C0000,750.00,USD,cash,out,2026-02-27T22:08:00
T00000100,C0011,120.00,USD,card,in,2026-03-13T21:15:00
T00000101,C0023,1200.00,USD,card,out,2026-03-20T15:43:00
T00000102,C0013,300.00,USD,ach,in,2026-03-01T12:23:00
T00000103,C0002,4800.00,USD,card,out,2026-04-05T21:45:00
T00000104,C0010,300.00,USD,wire,out,2026-04-21T20:06:00
T00000105,C0006,300.00,USD,ach,in,2026-04-01T03:39:00
T00000106,C0016,2500.00,USD,card,out,2026-04-11T09:45:00
T00000107,C0017,750.00,USD,card,out,2026-03-06T04:16:00
T00000108,C0000,750.00,USD,wire,out,2026-04-18T02:46:00
T00000109,C0021,1200.00,USD,ach,out,2026-03-17T00:30:00
T00000110,C0023,2500.00,USD,card,out,2026-03-19T01:38:00
T00000111,C0009,2500.00,USD,wire,out,2026-04-07T04:53:00
T00000112,C0003,2500.00,USD,wire,in,2026-03-06T18:12:00
T00000113,C0006,2500.00,USD,ach,in,2026-03-06T20:43:00
T00000114,C0006,120.00,USD,ach,in,2026-04-05T04:37:00
T00000115,C0022,50.00,USD,cash,out,2026-03-20T07:43:00
T00000116,C0022,4800.00,USD,card,in,2026-04-14T15:05:00
T00000117,C0000,750.00,USD,card,out,2026-03-18T02:30:00
T00000118,C0005,750.00,USD,cash,in,2026-04-20T03:05:00
T00000119,C0012,2500.00,USD,cash,in,2026-03-23T09:24:00
T00000120,C0004,50.00,USD,wire,in,2026-03-02T17:41:00
T00000121,C0017,1200.00,USD,wire,out,2026-03-05T22:22:00
T00000122,C0014,4800.00,USD,card,out,2026-02-23T21:41:00
T00000123,C0018,2500.00,USD,cash,in,2026-03-15T10:21:00
T00000124,C0020,50.00,USD,wire,in,2026-04-10T03:18:00
T00000125,C0005,50.00,USD,card,out,2026-03-19T09:50:00
T00000126,C0022,50.00,USD,wire,out,2026-03-15T20:42:00
T00000127,C0022,750.00,USD,cash,in,2026-04-04T13:05:00
T00000128,C0008,2500.00,USD,wire,out,2026-03-03T15:23:00
T00000129,C0003,120.00,USD,ach,in,2026-03-20T04:19:00
T00000130,C0002,300.00,USD,ach,out,2026-04-20T06:10:00
T00000131,C0003,2500.00,USD,card,out,2026-03-24T13:41:00
T00000132,C0016,50.00,USD,cash,out,2026-03-19T20:32:00
T00000133,C0023,50.00,USD,cash,in,2026-04-02T16:44:00
T00000134,C0021,50.00,USD,ach,in,2026-02-28T17:23:00
T00000135,C0024,1200.00,USD,card,out,2026-03-06T06:30:00
T00000136,C0005,4800.00,USD,card,in,2026-03-16T22:20:00
T00000137,C0015,300.00,USD,cash,in,2026-03-31T22:39:00
T00000138,C0010,300.00,USD,card,in,2026-03-27T13:29:00
T00000139,C0014,300.00,USD,cash,out,2026-04-18T01:44:00
T00000140,C0016,4800.00,USD,card,out,2026-03-02T11:18:00
T00000141,C0001,1200.00,USD,card,out,2026-04-10T19:37:00
T00000142,C0024,1200.00,USD,wire,out,2026-04-20T05:43:00
T00000143,C0014,50.00,USD,cash,in,2026-02-25T13:29:00
T00000144,C0022,50.00,USD,card,in,2026-04-13T02:25:00
T00000145,C0007,50.00,USD,wire,out,2026-03-01T08:31:00
T00000146,C0022,300.00,USD,card,out,2026-04-04T19:15:00
T00000147,C0015,120.00,USD,card,in,2026-04-07T21:25:00
T00000148,C0019,120.00,USD,cash,out,2026-03-21T12:04:00
T00000149,C0024,4800.00,USD,ach,in,2026-03-03T22:39:00
T00000150,C0009,1200.00,USD,card,in,2026-03-08T02:07:00
T00000151,C0014,300.00,USD,card,out,2026-03-19T20:38:00
T00000152,C0010,120.00,USD,card,in,2026-02-27T05:16:00
T00000153,C0024,2500.00,USD,card,out,2026-03-28T10:40:00
T00000154,C0012,750.00,USD,cash,in,2026-03-11T15:51:00
T00000155,C0016,50.00,USD,card,in,2026-03-17T01:05:00
T00000156,C0016,2500.00,USD,wire,out,2026-02-23T22:00:00
T00000157,C0020,4800.00,USD,ach,out,2026-04-14T09:30:00
T00000158,C0019,50.00,USD,ach,out,2026-03-09T23:19:00
T00000159,C0010,4800.00,USD,card,in,2026-03-13T13:04:00
T00000160,C0019,2500.00,USD,ach,in,2026-04-19T04:20:00
T00000161,C0023,4800.00,USD,cash,out,2026-04-17T22:54:00
T00000162,C0005,50.00,USD,cash,out,2026-03-10T02:03:00
T00000163,C0001,750.00,USD,wire,in,2026-04-05T00:37:00
T00000164,C0016,4800.00,USD,wire,in,2026-03-27T17:17:00
T00000165,C0005,750.00,USD,wire,out,2026-04-17T16:05:00
T00000166,C0018,2500.00,USD,ach,out,2026-04-14T04:31:00
T00000167,C0008,4800.00,USD,card,out,2026-03-12T11:03:00
T00000168,C0021,750.00,USD,ach,out,2026-03-20T06:56:00
T00000169,C0020,750.00,USD,ach,in,2026-03-26T13:44:00
T00000170,C0012,120.00,USD,card,out,2026-02-27T20:54:00
T00000171,C0018,50.00,USD,card,out,2026-04-04T13:42:00
T00000172,C0000,2500.00,USD,cash,out,2026-03-17T14:11:00
T00000173,C0009,4800.00,USD,ach,in,2026-03-05T04:22:00
T00000174,C0020,2500.00,USD,wire,in,2026-04-10T16:44:00
T00000175,C0020,4800.00,USD,card,in,2026-03-13T10:41:00
T00000176,C0018,50.00,USD,ach,out,2026-03-30T12:52:00
T00000177,C0023,120.00,USD,ach,out,2026-03-28T06:48:00
T00000178,C0005,300.00,USD,ach,in,2026-04-06T20:09:00
T00000179,C0014,120.00,USD,card,out,2026-04-19T07:12:00
T00000180,C0002,300.00,USD,cash,out,2026-03-04T00:00:00
T00000181,C0011,300.00,USD,card,out,2026-03-10T12:17:00
T00000182,C0003,50.00,USD,ach,in,2026-03-11T04:30:00
T00000183,C0020,750.00,USD,ach,out,2026-04-18T15:08:00
T00000184,C0003,300.00,USD,card,in,2026-04-15T10:58:00
T00000185,C0003,750.00,USD,card,out,2026-04-07T18:52:00
T00000186,C0021,750.00,USD,wire,out,2026-03-06T13:26:00
T00000187,C0020,750.00,USD,ach,in,2026-04-16T20:21:00
T00000188,C0022,750.00,USD,wire,out,2026-03-31T05:32:00
T00000189,C0003,2500.00,USD,ach,in,2026-03-11T00:26:00
T00000190,C0012,4800.00,USD,card,in,2026-04-06T05:53:00
T00000191,C0021,1200.00,USD,cash,in,2026-04-09T15:20:00
T00000192,C0010,1200.00,USD,wire,in,2026-04-08T07:10:00
T00000193,C0024,120.00,USD,wire,out,2026-03-19T05:23:00
T00000194,C0024,300.00,USD,wire,in,2026-04-13T17:00:00
T00000195,C0017,2500.00,USD,cash,in,2026-04-07T06:53:00
T00000196,C0000,300.00,USD,cash,in,2026-04-01T04:23:00
T00000197,C0008,750.00,USD,cash,in,2026-04-20T07:13:00
T00000198,C0015,1200.00,USD,cash,out,2026-03-26T00:28:00
T00000199,C0016,2500.00,USD,ach,out,2026-04-08T16:58:00
T00000200,C0020,4800.00,USD,card,out,2026-04-22T10:30:00
T00000201,C0021,750.00,USD,cash,in,2026-04-16T20:15:00
T00000202,C0010,120.00,USD,ach,out,2026-03-16T07:56:00
T00000203,C0012,750.00,USD,card,in,2026-03-15T19:42:00
T00000204,C0022,4800.00,USD,wire,out,2026-04-15T15:19:00
T00000205,C0014,300.00,USD,card,out,2026-02-26T04:34:00
T00000206,C0013,750.00,USD,ach,out,2026-03-08T08:40:00
T00000207,C0011,750.00,USD,cash,in,2026-04-13T14:01:00
T00000208,C0002,2500.00,USD,ach,in,2026-04-17T22:54:00
T00000209,C0017,1200.00,USD,ach,in,2026-04-19T17:25:00
T00000210,C0013,750.00,USD,cash,out,2026-03-31T14:12:00
T00000211,C0019,1200.00,USD,wire,in,2026-04-04T00:54:00
T00000212,C0021,50.00,USD,ach,out,2026-03-24T04:06:00
T00000213,C0003,120.00,USD,card,in,2026-03-06T03:24:00
T00000214,C0019,2500.00,USD,ach,in,2026-02-22T14:07:00
T00000215,C0005,300.00,USD,ach,out,2026-04-05T13:12:00
T00000216,C0000,2500.00,USD,card,in,2026-04-12T07:24:00
T00000217,C0004,50.00,USD,wire,out,2026-03-06T15:59:00
T00000218,C0013,300.00,USD,ach,out,2026-03-25T01:50:00
T00000219,C0024,50.00,USD,wire,in,2026-03-17T16:55:00
T00000220,C0024,50.00,USD,ach,out,2026-03-15T10:17:00
T00000221,C0021,750.00,USD,card,out,2026-03-26T20:22:00
T00000222,C0006,300.00,USD,card,in,2026-03-05T19:53:00
T00000223,C0009,750.00,USD,ach,in,2026-03-10T14:23:00
T00000224,C0007,50.00,USD,wire,out,2026-03-28T16:57:00
T00000225,C0006,300.00,USD,ach,out,2026-03-05T07:12:00
T00000226,C0003,750.00,USD,wire,in,2026-04-22T20:13:00
T00000227,C0012,1200.00,USD,ach,in,2026-03-19T13:46:00
T00000228,C0012,750.00,USD,cash,out,2026-02-26T12:58:00
T00000229,C0002,750.00,USD,card,out,2026-02-27T01:24:00
T00000230,C0009,300.00,USD,wire,out,2026-04-15T23:59:00
T00000231,C0022,750.00,USD,cash,in,2026-02-24T00:55:00
T00000232,C0013,50.00,USD,card,out,2026-03-16T23:27:00
T00000233,C0023,4800.00,USD,wire,in,2026-04-02T04:39:00
T00000234,C0016,1200.00,USD,wire,out,2026-03-14T08:27:00
T00000235,C0011,120.00,USD,wire,in,2026-03-07T15:08:00
T00000236,C0004,1200.00,USD,wire,in,2026-04-07T05:49:00
T00000237,C0005,750.00,USD,card,out,2026-03-04T15:29:00
T00000238,C0020,50.00,USD,card,out,2026-04-03T07:32:00
T00000239,C0020,50.00,USD,ach,in,2026-04-04T03:23:00
T00000240,C0009,50.00,USD,ach,out,2026-03-24T21:58:00
T00000241,C0002,1200.00,USD,card,out,2026-03-13T09:21:00
T00000242,C0018,50.00,USD,card,in,2026-03-18T12:03:00
T00000243,C0010,120.00,USD,cash,out,2026-03-15T20:28:00
T00000244,C0003,50.00,USD,wire,in,2026-03-03T01:15:00
T00000245,C0007,1200.00,USD,wire,out,2026-03-08T21:32:00
T00000246,C0011,750.00,USD,ach,in,2026-02-24T02:36:00
T00000247,C0020,300.00,USD,cash,out,2026-03-13T01:56:00
T00000248,C0009,2500.00,USD,wire,out,2026-04-06T12:06:00
T00000249,C0002,300.00,USD,ach,out,2026-03-16T14:51:00
T00000250,C0004,300.00,USD,card,out,2026-03-15T13:55:00
T00000251,C0004,2500.00,USD,cash,out,2026-03-11T13:07:00
T00000252,C0016,300.00,USD,wire,in,2026-03-31T11:37:00
T00000253,C0010,120.00,USD,wire,in,2026-03-04T20:48:00
T00000254,C0002,4800.00,USD,cash,out,2026-04-05T08:28:00
T00000255,C0024,750.00,USD,wire,in,2026-03-15T07:22:00
T00000256,C0005,1200.00,USD,wire,out,2026-02-28T13:11:00
T00000257,C0001,2500.00,USD,wire,out,2026-03-28T00:17:00
T00000258,C0019,750.00,USD,wire,in,2026-04-04T12:10:00
T00000259,C0009,4800.00,USD,wire,out,2026-03-02T20:03:00
T00000260,C0021,4800.00,USD,ach,out,2026-03-17T21:31:00
T00000261,C0016,4800.00,USD,wire,in,2026-03-20T22:50:00
T00000262,C0008,4800.00,USD,ach,in,2026-04-19T15:30:00
T00000263,C0022,50.00,USD,ach,in,2026-02-27T19:06:00
T00000264,C0024,1200.00,USD,wire,out,2026-04-13T03:32:00
T00000265,C0002,750.00,USD,ach,in,2026-02-24T04:08:00
T00000266,C0013,300.00,USD,wire,out,2026-04-19T23:28:00
T00000267,C0002,300.00,USD,cash,out,2026-03-31T04:59:00
T00000268,C0004,4800.00,USD,card,in,2026-04-15T10:42:00
T00000269,C0024,1200.00,USD,cash,in,2026-03-08T20:32:00
T00000270,C0000,120.00,USD,card,in,2026-04-07T05:07:00
T00000271,C0024,50.00,USD,cash,in,2026-04-05T04:41:00
T00000272,C0013,50.00,USD,cash,out,2026-03-13T16:31:00
T00000273,C0019,1200.00,USD,wire,in,2026-03-20T11:20:00
T00000274,C0009,300.00,USD,wire,out,2026-03-27T11:21:00
T00000275,C0005,1200.00,USD,ach,in,2026-03-11T14:55:00
T00000276,C0016,1200.00,USD,cash,out,2026-03-19T19:10:00
T00000277,C0015,300.00,USD,ach,in,2026-04-20T15:36:00
T00000278,C0011,120.00,USD,cash,out,2026-03-04T09:38:00
T00000279,C0004,300.00,USD,wire,out,2026-04-21T00:26:00
T00000280,C0022,4800.00,USD,wire,in,2026-03-23T15:49:00
T00000281,C0022,300.00,USD,wire,in,2026-03-04T21:58:00
T00000282,C0006,300.00,USD,card,out,2026-02-26T10:40:00
T00000283,C0008,300.00,USD,ach,in,2026-04-20T15:48:00
T00000284,C0020,4800.00,USD,ach,out,2026-04-02T03:53:00
T00000285,C0012,750.00,USD,ach,in,2026-03-06T21:03:00
T00000286,C0015,4800.00,USD,ach,in,2026-03-09T20:37:00
T00000287,C0023,1200.00,USD,wire,out,2026-03-27T09:33:00
T00000288,C0010,2500.00,USD,ach,out,2026-04-17T09:40:00
T00000289,C0014,120.00,USD,card,out,2026-03-15T13:33:00
T00000290,C0014,300.00,USD,card,out,2026-04-20T12:05:00
T00000291,C0020,2500.00,USD,card,out,2026-03-04T10:56:00
T00000292,C0016,120.00,USD,cash,in,2026-03-02T12:17:00
T00000293,C0019,120.00,USD,cash,in,2026-03-10T21:58:00
T00000294,C0024,750.00,USD,cash,in,2026-03-13T00:37:00
T00000295,C0021,750.00,USD,cash,in,2026-03-26T00:37:00
T00000296,C0016,2500.00,USD,ach,in,2026-03-30T23:40:00
T00000297,C0003,750.00,USD,card,in,2026-04-21T12:49:00
T00000298,C0008,750.00,USD,wire,out,2026-03-05T03:15:00
T00000299,C0022,50.00,USD,wire,in,2026-02-23T20:48:00
T00000300,C0014,50.00,USD,ach,out,2026-04-11T13:32:00
T00000301,C0022,300.00,USD,ach,in,2026-04-18T18:26:00
T00000302,C0022,120.00,USD,ach,in,2026-03-08T13:20:00
T00000303,C0003,4800.00,USD,card,in,2026-04-11T07:45:00
T00000304,C0011,750.00,USD,wire,in,2026-03-18T17:37:00
T00000305,C0002,2500.00,USD,card,out,2026-04-03T23:15:00
T00000306,C0024,120.00,USD,ach,in,2026-03-27T17:56:00
T00000307,C0014,300.00,USD,wire,in,2026-03-24T14:27:00
T00000308,C0024,4800.00,USD,cash,in,2026-04-14T22:28:00
T00000309,C0016,120.00,USD,ach,in,2026-04-14T02:50:00
T00000310,C0011,50.00,USD,ach,in,2026-03-21T02:06:00
T00000311,C0020,2500.00,USD,ach,in,2026-03-19T03:52:00
T00000312,C0016,1200.00,USD,wire,in,2026-03-13T06:23:00
T00000313,C0021,1200.00,USD,ach,in,2026-03-14T12:03:00
T00000314,C0000,4800.00,USD,ach,in,2026-04-18T10:19:00
T00000315,C0024,2500.00,USD,cash,out,2026-03-17T22:21:00
T00000316,C0020,300.00,USD,card,in,2026-03-20T02:19:00
T00000317,C0021,50.00,USD,cash,in,2026-03-29T02:31:00
T00000318,C0014,120.00,USD,ach,in,2026-03-27T20:31:00
T00000319,C0010,2500.00,USD,ach,out,2026-02-26T13:40:00
T00000320,C0004,1200.00,USD,cash,out,2026-03-06T00:28:00
T00000321,C0007,750.00,USD,wire,in,2026-03-25T08:43:00
T00000322,C0003,4800.00,USD,card,in,2026-04-20T02:36:00
T00000323,C0005,1200.00,USD,ach,in,2026-03-02T01:01:00
T00000324,C0024,750.00,USD,card,out,2026-04-12T20:28:00
T00000325,C0015,1200.00,USD,card,in,2026-04-22T09:35:00
T00000326,C0006,50.00,USD,ach,out,2026-03-17T00:57:00
T00000327,C0019,750.00,USD,ach,in,2026-02-25T15:17:00
T00000328,C0003,300.00,USD,ach,out,2026-03-27T07:04:00
T00000329,C0011,1200.00,USD,wire,out,2026-04-20T23:57:00
T00000330,C0017,1200.00,USD,card,out,2026-04-05T09:36:00
T00000331,C0019,120.00,USD,cash,out,2026-03-10T16:53:00
T00000332,C0011,300.00,USD,wire,in,2026-03-04T01:25:00
T00000333,C0019,50.00,USD,cash,in,2026-03-21T23:28:00
T00000334,C0004,750.00,USD,card,in,2026-03-09T01:09:00
T00000335,C0019,300.00,USD,ach,in,2026-02-24T19:52:00
T00000336,C0012,300.00,USD,ach,out,2026-03-14T12:07:00
T00000337,C0022,4800.00,USD,cash,out,2026-03-18T02:30:00
T00000338,C0010,1200.00,USD,ach,in,2026-03-11T08:34:00
T00000339,C0019,4800.00,USD,wire,in,2026-03-24T03:19:00
T00000340,C0018,2500.00,USD,card,in,2026-03-24T06:27:00
T00000341,C0021,2500.00,USD,cash,in,2026-04-08T10:24:00
T00000342,C0000,120.00,USD,card,in,2026-03-26T01:34:00
T00000343,C0013,750.00,USD,cash,in,2026-03-21T16:02:00
T00000344,C0016,2500.00,USD,card,out,2026-04-09T18:40:00
T00000345,C0010,1200.00,USD,ach,out,2026-04-11T21:02:00
T00000346,C0021,2500.00,USD,ach,out,2026-03-04T12:17:00
T00000347,C0006,300.00,USD,wire,out,2026-04-08T03:25:00
T00000348,C0024,2500.00,USD,card,out,2026-04-04T13:47:00
T00000349,C0015,4800.00,USD,ach,out,2026-03-31T18:01:00
T00000350,C0003,750.00,USD,card,out,2026-03-17T14:26:00
T00000351,C0024,50.00,USD,ach,in,2026-03-03T07:42:00
T00000352,C0011,300.00,USD,card,in,2026-02-22T21:19:00
T00000353,C0006,1200.00,USD,ach,in,2026-03-01T18:43:00
T00000354,C0003,120.00,USD,wire,in,2026-03-14T12:23:00
T00000355,C0021,2500.00,USD,wire,in,2026-02-24T19:46:00
T00000356,C0003,750.00,USD,cash,in,2026-03-28T01:15:00
T00000357,C0000,2500.00,USD,card,out,2026-03-19T06:34:00
T00000358,C0020,300.00,USD,cash,in,2026-04-11T02:40:00
T00000359,C0020,2500.00,USD,cash,in,2026-03-18T04:26:00
T00000360,C0013,50.00,USD,card,out,2026-02-26T06:01:00
T00000361,C0005,300.00,USD,cash,in,2026-02-22T12:05:00
T00000362,C0009,300.00,USD,ach,out,2026-03-17T16:54:00
T00000363,C0020,120.00,USD,card,out,2026-03-19T19:29:00
T00000364,C0006,120.00,USD,card,out,2026-03-03T08:39:00
T00000365,C0022,300.00,USD,ach,in,2026-04-12T11:13:00
T00000366,C0005,750.00,USD,card,out,2026-03-14T15:03:00
T00000367,C0002,120.00,USD,wire,out,2026-03-28T14:54:00
T00000368,C0010,300.00,USD,card,in,2026-02-23T05:00:00
T00000369,C0014,300.00,USD,cash,out,2026-03-06T03:39:00
T00000370,C0020,50.00,USD,cash,out,2026-03-30T13:45:00
T00000371,C0009,1200.00,USD,ach,in,2026-04-12T23:17:00
T00000372,C0020,1200.00,USD,wire,in,2026-02-24T02:37:00
T00000373,C0004,2500.00,USD,ach,out,2026-03-24T07:31:00
T00000374,C0022,1200.00,USD,wire,in,2026-03-18T20:12:00
T00000375,C0021,4800.00,USD,cash,out,2026-03-05T16:05:00
T00000376,C0016,1200.00,USD,cash,in,2026-03-09T00:56:00
T00000377,C0017,1200.00,USD,wire,in,2026-02-24T19:48:00
T00000378,C0010,50.00,USD,wire,out,2026-02-27T19:32:00
T00000379,C0002,4800.00,USD,cash,out,2026-02-24T19:32:00
T00000380,C0004,1200.00,USD,cash,out,2026-03-21T22:31:00
T00000381,C0021,50.00,USD,card,out,2026-03-03T02:14:00
T00000382,C0000,50.00,USD,cash,out,2026-03-07T05:23:00
T00000383,C0011,50.00,USD,cash,out,2026-03-10T09:26:00
T00000384,C0001,4800.00,USD,wire,out,2026-04-04T22:49:00
T00000385,C0011,4800.00,USD,card,out,2026-02-24T23:32:00
T00000386,C0002,1200.00,USD,wire,out,2026-03-10T14:05:00
T00000387,C0003,1200.00,USD,wire,in,2026-04-11T18:35:00
T00000388,C0000,750.00,USD,card,out,2026-03-06T11:41:00
T00000389,C0007,120.00,USD,ach,in,2026-04-07T21:38:00
T00000390,C0023,4800.00,USD,card,in,2026-03-06T08:58:00
T00000391,C0007,1200.00,USD,cash,out,2026-04-10T09:54:00
T00000392,C0019,50.00,USD,wire,in,2026-03-10T13:05:00
T00000393,C0012,120.00,USD,cash,in,2026-03-26T04:26:00
T00000394,C0016,2500.00,USD,ach,out,2026-04-05T04:08:00
T00000395,C0007,1200.00,USD,wire,out,2026-04-04T07:18:00
T00000396,C0009,1200.00,USD,wire,out,2026-04-06T10:25:00
T00000397,C0017,2500.00,USD,card,out,2026-03-23T10:38:00
T00000398,C0022,300.00,USD,card,in,2026-03-27T22:51:00
T00000399,C0024,4800.00,USD,wire,out,2026-03-19T20:45:00
T00000400,C0001,9800.00,USD,cash,in,2026-04-21T01:00:00
T00000401,C0001,9500.00,USD,cash,in,2026-04-17T20:00:00
T00000402,C0001,9900.00,USD,cash,in,2026-04-14T03:00:00
T00000403,C0001,7500.00,USD,cash,in,2026-04-08T19:00:00
T00000404,C0001,9200.00,USD,cash,in,2026-04-01T21:00:00
T00000405,C0002,20000.00,USD,cash,in,2026-04-20T12:00:00
T00000406,C0002,18000.00,USD,cash,in,2026-04-20T18:00:00
T00000407,C0002,15000.00,USD,wire,out,2026-04-21T00:00:00
T00000408,C0002,17500.00,USD,wire,out,2026-04-21T06:00:00
T00000409,C0003,3500.00,USD,wire,in,2026-04-18T02:00:00
T00000410,C0003,4500.00,USD,wire,in,2026-04-11T02:00:00
T00000411,C0003,2800.00,USD,wire,in,2026-04-05T02:00:00
T00000412,C0004,6500.00,USD,cash,in,2026-04-23T03:00:00
T00000413,C0004,6000.00,USD,cash,in,2026-04-23T08:00:00
T00000414,C0005,200.00,USD,ach,out,2026-03-19T01:00:00
T00000415,C0005,200.00,USD,ach,out,2026-03-26T01:00:00
T00000416,C0005,200.00,USD,ach,out,2026-04-02T01:00:00
T00000417,C0005,200.00,USD,ach,out,2026-04-09T01:00:00
T00000418,C0005,5000.00,USD,wire,out,2026-04-21T21:00:00
T00000419,C0005,4500.00,USD,wire,out,2026-04-19T21:00:00
T00000420,C0005,5500.00,USD,wire,out,2026-04-17T21:00:00
T00000421,C0006,500.00,USD,ach,out,2026-02-27T02:00:00
T00000422,C0006,15000.00,USD,wire,in,2026-04-20T22:00:00
T00000423,C0007,12000.00,CAD,cash,in,2026-04-18T21:00:00
T00000424,C0007,10000.00,CAD,cash,in,2026-04-19T02:00:00
T00000425,C0007,8000.00,CAD,e_transfer,out,2026-04-19T16:00:00
T00000426,C0007,7000.00,CAD,e_transfer,out,2026-04-20T00:00:00
T00000427,C0007,6000.00,CAD,e_transfer,out,2026-04-20T06:00:00
T00000428,C0008,11824.00,CAD,wire,in,2026-04-23T01:00:00
T00000429,C0008,14130.00,CAD,wire,in,2026-04-20T01:00:00
T00000430,C0008,13683.00,CAD,wire,in,2026-04-17T01:00:00
T00000431,C0008,7196.00,CAD,wire,in,2026-04-14T01:00:00
T00000432,C0008,11363.00,CAD,wire,in,2026-04-11T01:00:00
T00000433,C0008,8978.00,CAD,wire,in,2026-04-08T01:00:00
T00000434,C0008,9177.00,CAD,wire,in,2026-04-05T01:00:00
T00000435,C0008,8331.00,CAD,wire,in,2026-04-02T01:00:00
T00000436,C0008,10411.00,CAD,wire,in,2026-03-30T01:00:00
T00000437,C0008,6295.00,CAD,wire,in,2026-03-27T01:00:00
